"PLUG.ID","PCA.color$scores[, 1]","Date","Timepoint","Genotype","Species","Photo.Number","Tank","Treatment","Red.Standard","Green.Standard","Blue.Standard","Red.Coral","Green.Coral","Blue.Coral","Notes","Red.Norm.Coral","Green.Norm.Coral","Blue.Norm.Coral","Group","SpGroup","Bleaching.Score"
"1","1044",0.829625012256803,"5/10/19","Time0","PC_4","P. acuta",32,4,"Ambient",131.913,67.781,104.482,133.857,107.294,83.557,"",1.0147369857406,1.58295097446187,0.799726268639574,"Time0 Ambient P. acuta","Ambient P. acuta",-0.829625012256803
"2","1047",5.62895264825382,"5/11/19","Time0","PC_1","P. acuta",42,6,"Ambient",137.524,67.66,106.781,153.553,130.995,102.823,"",1.11655420144847,1.9360774460538,0.962933480675401,"Time0 Ambient P. acuta","Ambient P. acuta",-5.62895264825382
"3","1048",-3.8445165349351,"5/17/19","Time1","MC_206","M. capitata",49,1,"Ambient",151.548,77.572,117.139,129.476,100.975,73.826,"",0.854356375537783,1.30169391017377,0.630242703113395,"Time1 Ambient M. capitata","Ambient M. capitata",3.8445165349351
"4","1048",-3.8445165349351,"5/10/19","Time0","MC_206","M. capitata",1,1,"Ambient",137.619,72.768,105.327,111.835,86.385,64.091,"",0.812642149703166,1.18712895778364,0.608495447511085,"Time0 Ambient M. capitata","Ambient M. capitata",3.8445165349351
"5","1048",-4.71898293308463,"5/17/19","Time1","MC_206","M. capitata",49,1,"Ambient",151.548,77.572,117.139,129.476,100.975,73.826,"",0.854356375537783,1.30169391017377,0.630242703113395,"Time1 Ambient M. capitata","Ambient M. capitata",4.71898293308463
"6","1048",-4.71898293308463,"5/10/19","Time0","MC_206","M. capitata",1,1,"Ambient",137.619,72.768,105.327,111.835,86.385,64.091,"",0.812642149703166,1.18712895778364,0.608495447511085,"Time0 Ambient M. capitata","Ambient M. capitata",4.71898293308463
"7","1050",-0.450966715441883,"5/10/19","Time0","MC_206","M. capitata",1,1,"Ambient",137.619,72.768,105.327,135.262,109.618,81.399,"",0.982873004454327,1.50640391380827,0.772821783588254,"Time0 Ambient M. capitata","Ambient M. capitata",0.450966715441883
"8","1050",-0.450966715441883,"5/17/19","Time1","MC_206","M. capitata",49,1,"Ambient",151.548,77.572,117.139,121.428,92.527,68.144,"",0.801251088763956,1.19278863507451,0.581736227900187,"Time1 Ambient M. capitata","Ambient M. capitata",0.450966715441883
"9","1050",-4.74046177277456,"5/10/19","Time0","MC_206","M. capitata",1,1,"Ambient",137.619,72.768,105.327,135.262,109.618,81.399,"",0.982873004454327,1.50640391380827,0.772821783588254,"Time0 Ambient M. capitata","Ambient M. capitata",4.74046177277456
"10","1050",-4.74046177277456,"5/17/19","Time1","MC_206","M. capitata",49,1,"Ambient",151.548,77.572,117.139,121.428,92.527,68.144,"",0.801251088763956,1.19278863507451,0.581736227900187,"Time1 Ambient M. capitata","Ambient M. capitata",4.74046177277456
"11","1052",-4.66399661258574,"5/11/19","Time0","MC_206","M. capitata",41,6,"Ambient",150.681,76.505,116.219,121.134,91.671,61.047,"",0.803910247476457,1.19823540945036,0.525275557352929,"Time0 Ambient M. capitata","Ambient M. capitata",4.66399661258574
"12","1060",5.01216564080563,"5/10/19","Time0","PC_1","P. acuta",18,3,"High",137.149,72.115,109.527,157.082,132.878,102.686,"",1.1453382817228,1.84258476045206,0.937540515124125,"Time0 High P. acuta","High P. acuta",-5.01216564080563
"13","1063",-4.81298941534971,"5/10/19","Time0","MC_206","M. capitata",17,3,"High",139.672,73.18,110.352,110.556,85.257,67.886,"",0.791540179849934,1.16503142935228,0.615176888502247,"Time0 High M. capitata","High M. capitata",4.81298941534971
"14","1068",5.08064628773813,"5/10/19","Time0","PC_3","P. acuta",30,4,"Ambient",134.255,71.517,108.413,155.407,131.663,102.82,"",1.15755092920189,1.84100283848595,0.948410246003708,"Time0 Ambient P. acuta","Ambient P. acuta",-5.08064628773813
"15","1076",-2.73588864730169,"5/11/19","Time0","MC_291","M. capitata",43,6,"Ambient",138.011,68.506,109.856,122.846,95.9,71.653,"",0.890117454405808,1.39987738300295,0.652244756772502,"Time0 Ambient M. capitata","Ambient M. capitata",2.73588864730169
"16","1078",-1.1412788127266,"5/17/19","Time1","MC_206","M. capitata",57,2,"High",143.685,76.299,114.666,134.635,110.153,93.493,"",0.937014998086091,1.44370175231654,0.815350670643434,"Time1 High M. capitata","High M. capitata",1.1412788127266
"17","1078",-1.1412788127266,"5/10/19","Time0","MC_206","M. capitata",9,2,"High",146.868,78.495,114.381,132.089,108.144,91.184,"",0.899372225399679,1.37771832600803,0.79719533838662,"Time0 High M. capitata","High M. capitata",1.1412788127266
"18","1078",-2.12703032578089,"5/17/19","Time1","MC_206","M. capitata",57,2,"High",143.685,76.299,114.666,134.635,110.153,93.493,"",0.937014998086091,1.44370175231654,0.815350670643434,"Time1 High M. capitata","High M. capitata",2.12703032578089
"19","1078",-2.12703032578089,"5/10/19","Time0","MC_206","M. capitata",9,2,"High",146.868,78.495,114.381,132.089,108.144,91.184,"",0.899372225399679,1.37771832600803,0.79719533838662,"Time0 High M. capitata","High M. capitata",2.12703032578089
"20","1079",-0.925514021184943,"5/10/19","Time0","PC_3","P. acuta",6,1,"Ambient",136.882,78.018,107.472,138.123,112.507,84.711,"",1.00906620300697,1.44206465174703,0.788214604734256,"Time0 Ambient P. acuta","Ambient P. acuta",0.925514021184943
"21","1084",-4.69663014252023,"5/10/19","Time0","MC_291","M. capitata",27,4,"Ambient",141.96,73.933,114.13,114.599,87.184,72.159,"",0.807262609185686,1.17922984323644,0.632252694295978,"Time0 Ambient M. capitata","Ambient M. capitata",4.69663014252023
"22","1090",6.24326479384512,"5/10/19","Time0","PC_3","P. acuta",22,3,"High",131.537,68.206,105.742,155.631,133.543,111.149,"",1.1831727954872,1.95793625194264,1.05113389192563,"Time0 High P. acuta","High P. acuta",-6.24326479384512
"23","1092",-1.32605791031167,"5/10/19","Time0","PC_4","P. acuta",8,1,"Ambient",143.999,73.95,112.586,130.659,107.573,89.127,"",0.907360467781026,1.45467207572684,0.791634839145187,"Time0 Ambient P. acuta","Ambient P. acuta",1.32605791031167
"24","1093",-2.87406436363207,"5/17/19","Time1","MC_291","M. capitata",51,1,"Ambient",146.271,76.438,116.861,129.794,105.162,80.409,"",0.887352927101066,1.37578167926947,0.688073865532556,"Time1 Ambient M. capitata","Ambient M. capitata",2.87406436363207
"25","1093",-2.87406436363207,"5/10/19","Time0","MC_291","M. capitata",3,1,"Ambient",139.432,75.988,109.962,127.078,102.425,77.273,"",0.911397670549085,1.34791019634679,0.702724577581346,"Time0 Ambient M. capitata","Ambient M. capitata",2.87406436363207
"26","1093",-2.96516336822031,"5/17/19","Time1","MC_291","M. capitata",51,1,"Ambient",146.271,76.438,116.861,129.794,105.162,80.409,"",0.887352927101066,1.37578167926947,0.688073865532556,"Time1 Ambient M. capitata","Ambient M. capitata",2.96516336822031
"27","1093",-2.96516336822031,"5/10/19","Time0","MC_291","M. capitata",3,1,"Ambient",139.432,75.988,109.962,127.078,102.425,77.273,"",0.911397670549085,1.34791019634679,0.702724577581346,"Time0 Ambient M. capitata","Ambient M. capitata",2.96516336822031
"28","1095",0.181662921910339,"5/10/19","Time0","MC_248","M. capitata",13,2,"High",135.39,71.663,105.179,137.503,111.068,79.857,"",1.01560676564,1.54986534194773,0.759248519191093,"Time0 High M. capitata","High M. capitata",-0.181662921910339
"29","1098",-0.186897073445797,"5/10/19","Time0","PC_2","P. acuta",36,5,"High",135.913,70.696,108.31,136.804,106.85,84.795,"",1.00655566428524,1.51140092791671,0.782891699750715,"Time0 High P. acuta","High P. acuta",0.186897073445797
"30","1101",1.83761474565536,"5/10/19","Time0","PC_4","P. acuta",8,1,"Ambient",143.999,73.95,112.586,144.018,121.281,97.317,"",1.00013194536073,1.64004056795132,0.864379230099657,"Time0 Ambient P. acuta","Ambient P. acuta",-1.83761474565536
"31","1103",5.44067671904238,"5/10/19","Time0","PC_4","P. acuta",32,4,"Ambient",131.913,67.781,104.482,149.959,128.252,100.3,"",1.1368022863554,1.89215266815184,0.95997396680768,"Time0 Ambient P. acuta","Ambient P. acuta",-5.44067671904238
"32","1106",4.52908191928694,"5/10/19","Time0","PC_3","P. acuta",6,1,"Ambient",136.882,78.018,107.472,157.808,137.485,107.017,"",1.15287619993863,1.76222153861929,0.995766339139497,"Time0 Ambient P. acuta","Ambient P. acuta",-4.52908191928694
"33","1114",-2.74730153199837,"5/10/19","Time0","PC_1","P. acuta",18,3,"High",137.149,72.115,109.527,123.422,98.833,78.276,"",0.899911774785088,1.37049157595507,0.714673094305514,"Time0 High P. acuta","High P. acuta",2.74730153199837
"34","1115",6.48276645980119,"5/10/19","Time0","PC_4","P. acuta",32,4,"Ambient",131.913,67.781,104.482,154.281,135.503,116.525,"",1.1695663050647,1.99912954957879,1.11526387320304,"Time0 Ambient P. acuta","Ambient P. acuta",-6.48276645980119
"35","1119",-1.42344390498993,"5/10/19","Time0","PC_1","P. acuta",26,4,"Ambient",133.473,69.186,106.127,123.974,100.879,80.209,"",0.92883204842927,1.45808400543463,0.755783165452712,"Time0 Ambient P. acuta","Ambient P. acuta",1.42344390498993
"36","1121",-1.08868436277862,"5/10/19","Time0","MC_206","M. capitata",25,4,"Ambient",141.91,74.649,113.795,137.645,108.738,88.306,"",0.96994574025791,1.45665715548768,0.776009490750912,"Time0 Ambient M. capitata","Ambient M. capitata",1.08868436277862
"37","1124",-2.55218836756285,"5/10/19","Time0","MC_291","M. capitata",3,1,"Ambient",139.432,75.988,109.962,128.279,103.828,81.213,"",0.920011188249469,1.36637363794283,0.738555137229225,"Time0 Ambient M. capitata","Ambient M. capitata",2.55218836756285
"38","1124",-2.55218836756285,"5/17/19","Time1","MC_291","M. capitata",51,1,"Ambient",146.271,76.438,116.861,117.445,92.591,70.436,"",0.802927442897088,1.21132159397158,0.60273316161936,"Time1 Ambient M. capitata","Ambient M. capitata",2.55218836756285
"39","1124",-4.6252417664295,"5/10/19","Time0","MC_291","M. capitata",3,1,"Ambient",139.432,75.988,109.962,128.279,103.828,81.213,"",0.920011188249469,1.36637363794283,0.738555137229225,"Time0 Ambient M. capitata","Ambient M. capitata",4.6252417664295
"40","1124",-4.6252417664295,"5/17/19","Time1","MC_291","M. capitata",51,1,"Ambient",146.271,76.438,116.861,117.445,92.591,70.436,"",0.802927442897088,1.21132159397158,0.60273316161936,"Time1 Ambient M. capitata","Ambient M. capitata",4.6252417664295
"41","1142",-3.76263147979344,"5/10/19","Time0","MC_248","M. capitata",13,2,"High",135.39,71.663,105.179,119.295,92.476,69.222,"dropped and broke top tip off",0.881121205406603,1.29042881263693,0.658135179075671,"Time0 High M. capitata","High M. capitata",3.76263147979344
"42","1156",0.998901557555685,"5/11/19","Time0","PC_1","P. acuta",42,6,"Ambient",137.524,67.66,106.781,137.983,110.353,79.689,"",1.0033375992554,1.63099320130062,0.746284451353705,"Time0 Ambient P. acuta","Ambient P. acuta",-0.998901557555685
"43","1157",-4.99853767872511,"5/10/19","Time0","MC_291","M. capitata",27,4,"Ambient",141.96,73.933,114.13,108.309,80.605,56.453,"",0.762954353338969,1.09024386944937,0.494637693857881,"Time0 Ambient M. capitata","Ambient M. capitata",4.99853767872511
"44","1161",-1.02422680900967,"5/11/19","Time0","MC_248","M. capitata",45,6,"Ambient",142.819,71.855,110.271,138.991,108.032,75.393,"",0.97319684355723,1.50347227054485,0.683706504883424,"Time0 Ambient M. capitata","Ambient M. capitata",1.02422680900967
"45","1168",7.18542362602453,"5/10/19","Time0","PC_2","P. acuta",36,5,"High",135.913,70.696,108.31,170.97,152.498,124.893,"",1.2579370626798,2.15709516804345,1.15310682300803,"Time0 High P. acuta","High P. acuta",-7.18542362602453
"46","1169",-4.96155839678252,"5/10/19","Time0","MC_248","M. capitata",29,4,"Ambient",138.489,72.255,111.294,106.021,76.48,50.399,"",0.765555387070453,1.05847346204415,0.452845616115873,"Time0 Ambient M. capitata","Ambient M. capitata",4.96155839678252
"47","1178",-3.74214589946744,"5/10/19","Time0","MC_291","M. capitata",11,2,"High",140.681,73.732,110.979,120.317,95.43,75.418,"",0.855246977203745,1.29428199424944,0.679570008740392,"Time0 High M. capitata","High M. capitata",3.74214589946744
"48","1178",-3.74214589946744,"5/17/19","Time1","MC_291","M. capitata",59,2,"High",142.575,73.135,112.528,123.352,99.025,79.612,"",0.865172716114326,1.3540028714022,0.707486136783734,"Time1 High M. capitata","High M. capitata",3.74214589946744
"49","1178",-3.06501673451601,"5/10/19","Time0","MC_291","M. capitata",11,2,"High",140.681,73.732,110.979,120.317,95.43,75.418,"",0.855246977203745,1.29428199424944,0.679570008740392,"Time0 High M. capitata","High M. capitata",3.06501673451601
"50","1178",-3.06501673451601,"5/17/19","Time1","MC_291","M. capitata",59,2,"High",142.575,73.135,112.528,123.352,99.025,79.612,"",0.865172716114326,1.3540028714022,0.707486136783734,"Time1 High M. capitata","High M. capitata",3.06501673451601
"51","1181",7.17504453551152,"5/10/19","Time0","PC_2","P. acuta",28,4,"Ambient",128.612,67.335,102.738,162.394,144.478,120.398,"",1.26266600317233,2.14565976089701,1.17189355447838,"Time0 Ambient P. acuta","Ambient P. acuta",-7.17504453551152
"52","1196",3.27097632947943,"5/10/19","Time0","PC_3","P. acuta",14,2,"High",134.877,75.023,106.984,147.876,125.164,104.82,"",1.09637669876999,1.66834170854271,0.979772676288043,"Time0 High P. acuta","High P. acuta",-3.27097632947943
"53","1207",6.46350941784379,"5/17/19","Time1","PC_2","P. acuta",52,1,"Ambient",138.687,69.852,110.03,162.715,144.336,109.581,"",1.17325344120213,2.06631163030407,0.995919294737799,"Time1 Ambient P. acuta","Ambient P. acuta",-6.46350941784379
"54","1207",6.46350941784379,"5/10/19","Time0","PC_2","P. acuta",4,1,"Ambient",139.822,78.215,106.853,130.246,103.232,76.449,"",0.931512923574259,1.31984913379786,0.715459556587087,"Time0 Ambient P. acuta","Ambient P. acuta",-6.46350941784379
"55","1207",-3.01747676335367,"5/17/19","Time1","PC_2","P. acuta",52,1,"Ambient",138.687,69.852,110.03,162.715,144.336,109.581,"",1.17325344120213,2.06631163030407,0.995919294737799,"Time1 Ambient P. acuta","Ambient P. acuta",3.01747676335367
"56","1207",-3.01747676335367,"5/10/19","Time0","PC_2","P. acuta",4,1,"Ambient",139.822,78.215,106.853,130.246,103.232,76.449,"",0.931512923574259,1.31984913379786,0.715459556587087,"Time0 Ambient P. acuta","Ambient P. acuta",3.01747676335367
"57","1208",-1.31853495113711,"5/10/19","Time0","PC_2","P. acuta",12,2,"High",134.624,74.943,105.954,132.26,108.026,79.925,"",0.982439980984074,1.44144216271033,0.754336787662571,"Time0 High P. acuta","High P. acuta",1.31853495113711
"58","1208",-1.31853495113711,"5/17/19","Time1","PC_2","P. acuta",60,2,"High",135.552,68.865,106.42,150.063,125.105,94.34,"",1.10705116855524,1.81667029695782,0.886487502349182,"Time1 High P. acuta","High P. acuta",1.31853495113711
"59","1208",4.37111094721201,"5/10/19","Time0","PC_2","P. acuta",12,2,"High",134.624,74.943,105.954,132.26,108.026,79.925,"",0.982439980984074,1.44144216271033,0.754336787662571,"Time0 High P. acuta","High P. acuta",-4.37111094721201
"60","1208",4.37111094721201,"5/17/19","Time1","PC_2","P. acuta",60,2,"High",135.552,68.865,106.42,150.063,125.105,94.34,"",1.10705116855524,1.81667029695782,0.886487502349182,"Time1 High P. acuta","High P. acuta",-4.37111094721201
"61","1210",-1.58956685890075,"5/11/19","Time0","MC_291","M. capitata",43,6,"Ambient",138.011,68.506,109.856,130.845,101.282,71.339,"",0.948076602589649,1.47843984468514,0.649386469560151,"Time0 Ambient M. capitata","Ambient M. capitata",1.58956685890075
"62","1212",4.04278210017084,"5/10/19","Time0","PC_3","P. acuta",30,4,"Ambient",134.255,71.517,108.413,150.363,125.417,100.201,"",1.11998063386838,1.75366696030314,0.924252626530029,"Time0 Ambient P. acuta","Ambient P. acuta",-4.04278210017084
"63","1213",0.163038483930307,"5/10/19","Time0","PC_1","P. acuta",2,1,"Ambient",136.536,75.43,105.921,139.706,114.76,85.09,"",1.02321731997422,1.52141057934509,0.803334560663136,"Time0 Ambient P. acuta","Ambient P. acuta",-0.163038483930307
"64","1213",0.163038483930307,"5/17/19","Time1","PC_1","P. acuta",50,1,"Ambient",141.671,73.615,112.887,165.72,144.706,114.31,"",1.1697524546308,1.96571350947497,1.01260552587986,"Time1 Ambient P. acuta","Ambient P. acuta",-0.163038483930307
"65","1213",6.14847011689174,"5/10/19","Time0","PC_1","P. acuta",2,1,"Ambient",136.536,75.43,105.921,139.706,114.76,85.09,"",1.02321731997422,1.52141057934509,0.803334560663136,"Time0 Ambient P. acuta","Ambient P. acuta",-6.14847011689174
"66","1213",6.14847011689174,"5/17/19","Time1","PC_1","P. acuta",50,1,"Ambient",141.671,73.615,112.887,165.72,144.706,114.31,"",1.1697524546308,1.96571350947497,1.01260552587986,"Time1 Ambient P. acuta","Ambient P. acuta",-6.14847011689174
"67","1215",3.04256609044955,"5/10/19","Time0","PC_2","P. acuta",12,2,"High",134.624,74.943,105.954,146.744,124.865,99.631,"",1.09002852388876,1.66613292769171,0.940323159106782,"Time0 High P. acuta","High P. acuta",-3.04256609044955
"68","1215",3.04256609044955,"5/17/19","Time1","PC_2","P. acuta",60,2,"High",135.552,68.865,106.42,152.045,128.354,98.106,"",1.12167286355052,1.86384956073477,0.921875587295621,"Time1 High P. acuta","High P. acuta",-3.04256609044955
"69","1215",5.0089971603417,"5/10/19","Time0","PC_2","P. acuta",12,2,"High",134.624,74.943,105.954,146.744,124.865,99.631,"",1.09002852388876,1.66613292769171,0.940323159106782,"Time0 High P. acuta","High P. acuta",-5.0089971603417
"70","1215",5.0089971603417,"5/17/19","Time1","PC_2","P. acuta",60,2,"High",135.552,68.865,106.42,152.045,128.354,98.106,"",1.12167286355052,1.86384956073477,0.921875587295621,"Time1 High P. acuta","High P. acuta",-5.0089971603417
"71","1216",6.33966348886214,"5/17/19","Time1","PC_2","P. acuta",60,2,"High",135.552,68.865,106.42,156.915,136.725,113.533,"",1.15760003541076,1.98540622957961,1.06683894004886,"Time1 High P. acuta","High P. acuta",-6.33966348886214
"72","1216",6.33966348886214,"5/10/19","Time0","PC_2","P. acuta",12,2,"High",134.624,74.943,105.954,166.399,150.767,121.694,"",1.23602775136677,2.01175560092337,1.14855503331635,"Time0 High P. acuta","High P. acuta",-6.33966348886214
"73","1216",6.67071336084825,"5/17/19","Time1","PC_2","P. acuta",60,2,"High",135.552,68.865,106.42,156.915,136.725,113.533,"",1.15760003541076,1.98540622957961,1.06683894004886,"Time1 High P. acuta","High P. acuta",-6.67071336084825
"74","1216",6.67071336084825,"5/10/19","Time0","PC_2","P. acuta",12,2,"High",134.624,74.943,105.954,166.399,150.767,121.694,"",1.23602775136677,2.01175560092337,1.14855503331635,"Time0 High P. acuta","High P. acuta",-6.67071336084825
"75","1222",-5.00717691530132,"5/10/19","Time0","PC_1","P. acuta",10,2,"High",131.976,68.644,106.837,100.739,76.611,61.744,"",0.763313026610899,1.11606258376551,0.577927122626056,"Time0 High P. acuta","High P. acuta",5.00717691530132
"76","1222",-5.00717691530132,"5/17/19","Time1","PC_1","P. acuta",58,2,"High",135.482,71.453,106.79,149.869,124.158,93.81,"",1.10619122835506,1.73761773473472,0.878453038674033,"Time1 High P. acuta","High P. acuta",5.00717691530132
"77","1222",3.56451109038743,"5/10/19","Time0","PC_1","P. acuta",10,2,"High",131.976,68.644,106.837,100.739,76.611,61.744,"",0.763313026610899,1.11606258376551,0.577927122626056,"Time0 High P. acuta","High P. acuta",-3.56451109038743
"78","1222",3.56451109038743,"5/17/19","Time1","PC_1","P. acuta",58,2,"High",135.482,71.453,106.79,149.869,124.158,93.81,"",1.10619122835506,1.73761773473472,0.878453038674033,"Time1 High P. acuta","High P. acuta",-3.56451109038743
"79","1229",-4.82543509489912,"5/10/19","Time0","MC_206","M. capitata",25,4,"Ambient",141.91,74.649,113.795,90.36,61.856,45.6,"",0.636741596786696,0.828624629934761,0.400720594050705,"Time0 Ambient M. capitata","Ambient M. capitata",4.82543509489912
"80","1230",7.67138475447956,"5/11/19","Time0","PC_2","P. acuta",44,6,"Ambient",135.463,65.195,106.529,173.404,155.202,127.203,"",1.28008386053756,2.3805813329243,1.19406922058782,"Time0 Ambient P. acuta","Ambient P. acuta",-7.67138475447956
"81","1231",-3.40113291332804,"5/10/19","Time0","PC_4","P. acuta",8,1,"Ambient",143.999,73.95,112.586,122.316,97.426,80.224,"",0.849422565434482,1.31745774171738,0.712557511591139,"Time0 Ambient P. acuta","Ambient P. acuta",3.40113291332804
"82","1232",7.16819902606376,"5/10/19","Time0","PC_1","P. acuta",34,5,"High",135.157,69.283,108.387,168.924,149.442,124.218,"",1.24983537663606,2.15697934558261,1.14605995183924,"Time0 High P. acuta","High P. acuta",-7.16819902606376
"83","1236",-5.03053598259029,"5/10/19","Time0","MC_206","M. capitata",25,4,"Ambient",141.91,74.649,113.795,94.872,69.649,55.89,"",0.668536396307519,0.933019866307653,0.491146359681884,"Time0 Ambient M. capitata","Ambient M. capitata",5.03053598259029
"84","1239",-3.9210443083984,"5/10/19","Time0","MC_291","M. capitata",35,5,"High",141.062,75.86,112.467,123.14,96.223,74.974,"",0.872949483205966,1.26842868441867,0.666631100678421,"Time0 High M. capitata","High M. capitata",3.9210443083984
"85","1240",1.76766547776873,"5/10/19","Time0","PC_1","P. acuta",34,5,"High",135.157,69.283,108.387,134.754,113.697,92.581,"",0.997018282441901,1.6410519174978,0.854170703128604,"Time0 High P. acuta","High P. acuta",-1.76766547776873
"86","1243",0.230300353501684,"5/10/19","Time0","MC_248","M. capitata",29,4,"Ambient",138.489,72.255,111.294,140.129,112.135,85.336,"",1.01184209576212,1.55193412220608,0.766761909896311,"Time0 Ambient M. capitata","Ambient M. capitata",-0.230300353501684
"87","1256",5.04424322767913,"5/10/19","Time0","MC_248","M. capitata",37,5,"High",143.539,74.222,107.794,158.699,134.976,114.701,"Very pale",1.10561589533158,1.8185443668993,1.06407592259309,"Time0 High M. capitata","High M. capitata",-5.04424322767913
"88","1258",-4.9950529477621,"5/10/19","Time0","MC_206","M. capitata",25,4,"Ambient",141.91,74.649,113.795,93.675,69.364,61.178,"",0.660101472764428,0.929201998687189,0.537615888220045,"Time0 Ambient M. capitata","Ambient M. capitata",4.9950529477621
"89","1262",-1.6390875379924,"5/10/19","Time0","MC_289","M. capitata",39,5,"High",142.499,75.487,109.729,135.546,107.531,83.702,"Tips pale",0.951206675134562,1.42449693324678,0.762806550683958,"Time0 High M. capitata","High M. capitata",1.6390875379924
"90","1268",4.83650830514699,"5/10/19","Time0","PC_2","P. acuta",36,5,"High",135.913,70.696,108.31,152.099,129.082,102.62,"",1.1190908890246,1.82587416544076,0.947465607977103,"Time0 High P. acuta","High P. acuta",-4.83650830514699
"91","1269",6.71139989909718,"5/10/19","Time0","PC_3","P. acuta",38,5,"High",142.37,70.611,103.844,171.277,144.081,114.748,"",1.20304137107537,2.0404894421549,1.10500365933516,"Time0 High P. acuta","High P. acuta",-6.71139989909718
"92","1270",-0.400672567127922,"5/10/19","Time0","PC_4","P. acuta",24,3,"High",131.689,68.465,105.472,128.55,104.638,78.418,"One side slightly paler",0.976163536817806,1.52834294895202,0.743495904126214,"Time0 High P. acuta","High P. acuta",0.400672567127922
"93","1271",-1.65831306720839,"5/10/19","Time0","MC_248","M. capitata",5,1,"Ambient",135.713,76.806,106.567,135.891,108.462,77.484,"",1.00131159137297,1.41215530036716,0.727091876472079,"Time0 Ambient M. capitata","Ambient M. capitata",1.65831306720839
"94","1277",4.82993478091698,"5/10/19","Time0","MC_248","M. capitata",21,3,"High",133.325,71.205,106.669,150.966,128.583,104.401,"Very pale",1.13231576973561,1.80581419844112,0.978737965107013,"Time0 High M. capitata","High M. capitata",-4.82993478091698
"95","1278",2.08635014829601,"5/10/19","Time0","PC_2","P. acuta",4,1,"Ambient",139.822,78.215,106.853,148.546,126.542,95.256,"",1.06239361473874,1.6178738093716,0.891467717331287,"Time0 Ambient P. acuta","Ambient P. acuta",-2.08635014829601
"96","1278",2.08635014829601,"5/17/19","Time1","PC_2","P. acuta",52,1,"Ambient",138.687,69.852,110.03,173.578,156.68,121.618,"",1.25158089799332,2.24302811658936,1.10531673180042,"Time1 Ambient P. acuta","Ambient P. acuta",-2.08635014829601
"97","1278",7.28070403358189,"5/10/19","Time0","PC_2","P. acuta",4,1,"Ambient",139.822,78.215,106.853,148.546,126.542,95.256,"",1.06239361473874,1.6178738093716,0.891467717331287,"Time0 Ambient P. acuta","Ambient P. acuta",-7.28070403358189
"98","1278",7.28070403358189,"5/17/19","Time1","PC_2","P. acuta",52,1,"Ambient",138.687,69.852,110.03,173.578,156.68,121.618,"",1.25158089799332,2.24302811658936,1.10531673180042,"Time1 Ambient P. acuta","Ambient P. acuta",-7.28070403358189
"99","1284",1.30045110971909,"5/11/19","Time0","MC_289","M. capitata",47,6,"Ambient",136.937,68.629,108.482,136.501,111.84,87.025,"",0.99681605409787,1.62963178831106,0.802206817720912,"Time0 Ambient M. capitata","Ambient M. capitata",-1.30045110971909
"100","1286",-2.81108241877034,"5/10/19","Time0","MC_289","M. capitata",23,3,"High",134.9,70.707,109.397,122.729,97.864,71.64,"",0.909777613046701,1.38407795550653,0.654862564786969,"Time0 High M. capitata","High M. capitata",2.81108241877034
"101","1294",-2.22542193444463,"5/10/19","Time0","MC_248","M. capitata",37,5,"High",143.539,74.222,107.794,134.525,103.65,78.52,"One side pale",0.93720173611353,1.3964862170246,0.728426443030224,"Time0 High M. capitata","High M. capitata",2.22542193444463
"102","1296",4.56485216168824,"5/10/19","Time0","PC_3","P. acuta",30,4,"Ambient",134.255,71.517,108.413,152.354,129.502,98.671,"",1.13481062157834,1.81078624662668,0.910139927868429,"Time0 Ambient P. acuta","Ambient P. acuta",-4.56485216168824
"103","1297",1.53073740039559,"5/10/19","Time0","PC_3","P. acuta",30,4,"Ambient",134.255,71.517,108.413,140.718,113.955,93.264,"",1.04813973408812,1.59339737405093,0.860265835278057,"Time0 Ambient P. acuta","Ambient P. acuta",-1.53073740039559
"104","1299",-4.09392178274044,"5/11/19","Time0","PC_1","P. acuta",42,6,"Ambient",137.524,67.66,106.781,111.745,85.61,71.244,"",0.812549082341991,1.26529707360331,0.667197347842781,"Time0 Ambient P. acuta","Ambient P. acuta",4.09392178274044
"105","1302",-4.79666493564361,"5/10/19","Time0","MC_291","M. capitata",27,4,"Ambient",141.96,73.933,114.13,116.225,86.326,62.838,"",0.818716539870386,1.16762474131984,0.550582668886358,"Time0 Ambient M. capitata","Ambient M. capitata",4.79666493564361
"106","1303",-4.70955636063852,"5/10/19","Time0","MC_291","M. capitata",35,5,"High",141.062,75.86,112.467,115.05,89.891,69.081,"Tips pale",0.81559881470559,1.18495913524914,0.614233508495825,"Time0 High M. capitata","High M. capitata",4.70955636063852
"107","1307",-3.03118191699373,"5/10/19","Time0","MC_206","M. capitata",33,5,"High",137.027,76.032,112.199,121.302,99.036,86.196,"one side is pale",0.885241594722208,1.30255681818182,0.768242141195554,"Time0 High M. capitata","High M. capitata",3.03118191699373
"108","1308",-5.02123154961157,"5/10/19","Time0","MC_248","M. capitata",29,4,"Ambient",138.489,72.255,111.294,107.473,80.086,62.108,"",0.776039974293987,1.10838004290361,0.558053444031125,"Time0 Ambient M. capitata","Ambient M. capitata",5.02123154961157
"109","1310",3.4426130719197,"5/11/19","Time0","PC_3","P. acuta",46,6,"Ambient",139.206,71.056,107.952,148.685,123.211,96.554,"",1.06809332931052,1.73399853636568,0.894416036757077,"Time0 Ambient P. acuta","Ambient P. acuta",-3.4426130719197
"110","1317",5.36842381552794,"5/10/19","Time0","PC_3","P. acuta",14,2,"High",134.877,75.023,106.984,159.91,138.484,107.181,"",1.18559873069537,1.84588726123989,1.00184139684439,"Time0 High P. acuta","High P. acuta",-5.36842381552794
"111","1319",4.0923046472524,"5/10/19","Time0","PC_1","P. acuta",26,4,"Ambient",133.473,69.186,106.127,140.866,121.554,106.454,"",1.0553894795202,1.75691613910329,1.00308121401717,"Time0 Ambient P. acuta","Ambient P. acuta",-4.0923046472524
"112","1321",-4.84754758917426,"5/10/19","Time0","MC_291","M. capitata",19,3,"High",140.083,74.372,110.041,114.574,85.788,64.093,"",0.817900815944833,1.15349862851611,0.582446542652284,"Time0 High M. capitata","High M. capitata",4.84754758917426
"113","1323",-0.782206934092947,"5/10/19","Time0","MC_206","M. capitata",17,3,"High",139.672,73.18,110.352,134.22,109.324,84.279,"",0.960965691047597,1.49390543864444,0.763728795128317,"Time0 High M. capitata","High M. capitata",0.782206934092947
"114","1326",6.7769314069362,"5/17/19","Time1","PC_2","P. acuta",60,2,"High",135.552,68.865,106.42,166.816,144.423,109.96,"",1.23064211520302,2.0971901546504,1.03326442398045,"Time1 High P. acuta","High P. acuta",-6.7769314069362
"115","1326",6.7769314069362,"5/10/19","Time0","PC_2","P. acuta",12,2,"High",134.624,74.943,105.954,145.099,122.199,90.812,"",1.07780930591871,1.63055922501101,0.857088925382713,"Time0 High P. acuta","High P. acuta",-6.7769314069362
"116","1326",2.10645704850637,"5/17/19","Time1","PC_2","P. acuta",60,2,"High",135.552,68.865,106.42,166.816,144.423,109.96,"",1.23064211520302,2.0971901546504,1.03326442398045,"Time1 High P. acuta","High P. acuta",-2.10645704850637
"117","1326",2.10645704850637,"5/10/19","Time0","PC_2","P. acuta",12,2,"High",134.624,74.943,105.954,145.099,122.199,90.812,"",1.07780930591871,1.63055922501101,0.857088925382713,"Time0 High P. acuta","High P. acuta",-2.10645704850637
"118","1327",3.71365075360397,"5/10/19","Time0","MC_206","M. capitata",17,3,"High",139.672,73.18,110.352,147.282,126.864,106.518,"",1.05448479294347,1.73358841213446,0.965256633318834,"Time0 High M. capitata","High M. capitata",-3.71365075360397
"119","1328",-4.83384145372443,"5/10/19","Time0","MC_291","M. capitata",19,3,"High",140.083,74.372,110.041,112.124,86.609,66.153,"",0.800411184797584,1.16453772925294,0.601166837814996,"Time0 High M. capitata","High M. capitata",4.83384145372443
"120","1331",-1.78242821250279,"5/11/19","Time0","MC_248","M. capitata",45,6,"Ambient",142.819,71.855,110.271,134.136,104.803,74.242,"",0.939202767138826,1.458534548744,0.673268583761823,"Time0 Ambient M. capitata","Ambient M. capitata",1.78242821250279
"121","1338",-4.44129422368502,"5/10/19","Time0","MC_206","M. capitata",17,3,"High",139.672,73.18,110.352,113.694,88.935,72.406,"",0.814007102354087,1.215291063132,0.656136726112803,"Time0 High M. capitata","High M. capitata",4.44129422368502
"122","1341",-2.61722562162987,"5/10/19","Time0","MC_289","M. capitata",23,3,"High",134.9,70.707,109.397,122.844,98.725,73.846,"One side pale",0.91063009636768,1.39625496768354,0.675027651580939,"Time0 High M. capitata","High M. capitata",2.61722562162987
"123","1344",6.06236211730168,"5/17/19","Time1","PC_1","P. acuta",50,1,"Ambient",141.671,73.615,112.887,164.516,144.113,113.47,"",1.16125389105745,1.95765808598791,1.00516445649189,"Time1 Ambient P. acuta","Ambient P. acuta",-6.06236211730168
"124","1344",6.06236211730168,"5/10/19","Time0","PC_1","P. acuta",2,1,"Ambient",136.536,75.43,105.921,152.236,136.474,103.887,"",1.11498798851585,1.80928012727032,0.980797009091681,"Time0 Ambient P. acuta","Ambient P. acuta",-6.06236211730168
"125","1344",4.80494304675068,"5/17/19","Time1","PC_1","P. acuta",50,1,"Ambient",141.671,73.615,112.887,164.516,144.113,113.47,"",1.16125389105745,1.95765808598791,1.00516445649189,"Time1 Ambient P. acuta","Ambient P. acuta",-4.80494304675068
"126","1344",4.80494304675068,"5/10/19","Time0","PC_1","P. acuta",2,1,"Ambient",136.536,75.43,105.921,152.236,136.474,103.887,"",1.11498798851585,1.80928012727032,0.980797009091681,"Time0 Ambient P. acuta","Ambient P. acuta",-4.80494304675068
"127","1415",3.14830445177956,"5/10/19","Time0","PC_3","P. acuta",6,1,"Ambient",136.882,78.018,107.472,151.239,130.428,100.529,"",1.10488596017007,1.67176805352611,0.935397126693464,"Time0 Ambient P. acuta","Ambient P. acuta",-3.14830445177956
"128","1418",-3.62277911155579,"5/10/19","Time0","MC_289","M. capitata",39,5,"High",142.499,75.487,109.729,130.671,97.509,69.841,"Slightly pale",0.916995908743219,1.29173235126578,0.636486252494783,"Time0 High M. capitata","High M. capitata",3.62277911155579
"129","1421",-4.64109406465248,"5/10/19","Time0","PC_4","P. acuta",40,5,"High",141.594,70.985,105.649,113.299,84.598,67.305,"",0.800168086218343,1.19177290976967,0.63706234796354,"Time0 High P. acuta","High P. acuta",4.64109406465248
"130","1425",-4.62414190071976,"5/10/19","Time0","PC_4","P. acuta",16,2,"High",135.432,70.039,108.38,97.694,77.196,75.081,"",0.721350936263217,1.10218592498465,0.692756966229932,"Time0 High P. acuta","High P. acuta",4.62414190071976
"131","1426",-4.67586893239178,"5/10/19","Time0","MC_289","M. capitata",31,4,"Ambient",137.796,75.046,110.969,115.721,88.385,67.207,"",0.83979941362594,1.17774431681902,0.605637610503834,"Time0 Ambient M. capitata","Ambient M. capitata",4.67586893239178
"132","1427",-0.84087395247854,"5/11/19","Time0","MC_291","M. capitata",43,6,"Ambient",138.011,68.506,109.856,130.956,103.956,78.474,"",0.948880886306164,1.51747292207982,0.714335129624235,"Time0 Ambient M. capitata","Ambient M. capitata",0.84087395247854
"133","1428",3.5998515845909,"5/10/19","Time0","PC_3","P. acuta",14,2,"High",134.877,75.023,106.984,150.361,127.837,101.242,"",1.11480089266517,1.70397078229343,0.946328422941748,"Time0 High P. acuta","High P. acuta",-3.5998515845909
"134","1442",5.02245087212626,"5/10/19","Time0","MC_248","M. capitata",21,3,"High",133.325,71.205,106.669,148.246,128.969,114.533,"Pale",1.11191449465592,1.8112351660698,1.0737233873009,"Time0 High M. capitata","High M. capitata",-5.02245087212626
"135","1445",6.62721554325381,"5/11/19","Time0","PC_2","P. acuta",44,6,"Ambient",135.463,65.195,106.529,155.119,135.534,113.946,"",1.14510235267195,2.07890175626965,1.06962423377672,"Time0 Ambient P. acuta","Ambient P. acuta",-6.62721554325381
"136","1447",-3.09269451177248,"5/10/19","Time0","MC_291","M. capitata",19,3,"High",140.083,74.372,110.041,129.963,99.689,73.239,"",0.927757115424427,1.3404103694939,0.665561018165956,"Time0 High M. capitata","High M. capitata",3.09269451177248
"137","1449",-4.97381952323465,"5/11/19","Time0","PC_1","P. acuta",42,6,"Ambient",137.524,67.66,106.781,103.537,76.722,58.598,"",0.752864954480672,1.13393437777121,0.54876803925792,"Time0 Ambient P. acuta","Ambient P. acuta",4.97381952323465
"138","1454",-0.154689200483669,"5/10/19","Time0","PC_4","P. acuta",16,2,"High",135.432,70.039,108.38,132.961,107.562,82.845,"",0.981754681316085,1.5357443709933,0.764393799594021,"Time0 High P. acuta","High P. acuta",0.154689200483669
"139","1462",3.60471103869847,"5/11/19","Time0","MC_248","M. capitata",45,6,"Ambient",142.819,71.855,110.271,151.464,125.457,100.182,"Bleached on top",1.06053116182021,1.7459745320437,0.908507223113965,"Time0 Ambient M. capitata","Ambient M. capitata",-3.60471103869847
"140","1468",-2.7144854002331,"5/10/19","Time0","MC_248","M. capitata",13,2,"High",135.39,71.663,105.179,128.191,98.246,69.548,"",0.946827682989881,1.37094455995423,0.661234657108358,"Time0 High M. capitata","High M. capitata",2.7144854002331
"141","1475",-0.157800051855991,"5/10/19","Time0","MC_291","M. capitata",35,5,"High",141.062,75.86,112.467,140.874,114.596,89.548,"slightly pale",0.998667252697395,1.51062483522278,0.796215778850685,"Time0 High M. capitata","High M. capitata",0.157800051855991
"142","1477",-4.91991922694846,"5/17/19","Time1","MC_206","M. capitata",49,1,"Ambient",151.548,77.572,117.139,93.195,68.871,58.981,"",0.6149536780426,0.887833238797504,0.503512920547384,"Time1 Ambient M. capitata","Ambient M. capitata",4.91991922694846
"143","1477",-4.91991922694846,"5/10/19","Time0","MC_206","M. capitata",1,1,"Ambient",137.619,72.768,105.327,104.851,79.09,69.192,"",0.76189334321569,1.08687884784521,0.656925574638981,"Time0 Ambient M. capitata","Ambient M. capitata",4.91991922694846
"144","1477",-4.82135418533515,"5/17/19","Time1","MC_206","M. capitata",49,1,"Ambient",151.548,77.572,117.139,93.195,68.871,58.981,"",0.6149536780426,0.887833238797504,0.503512920547384,"Time1 Ambient M. capitata","Ambient M. capitata",4.82135418533515
"145","1477",-4.82135418533515,"5/10/19","Time0","MC_206","M. capitata",1,1,"Ambient",137.619,72.768,105.327,104.851,79.09,69.192,"",0.76189334321569,1.08687884784521,0.656925574638981,"Time0 Ambient M. capitata","Ambient M. capitata",4.82135418533515
"146","1481",1.15326421403047,"5/17/19","Time1","PC_1","P. acuta",58,2,"High",135.482,71.453,106.79,136.44,112.659,92.758,"",1.00707105002879,1.57668677312359,0.868601929019571,"Time1 High P. acuta","High P. acuta",-1.15326421403047
"147","1481",1.15326421403047,"5/10/19","Time0","PC_1","P. acuta",10,2,"High",131.976,68.644,106.837,105.552,85.133,77.275,"",0.799781778505183,1.24021036070159,0.723298108333255,"Time0 High P. acuta","High P. acuta",-1.15326421403047
"148","1481",-3.96325979310314,"5/17/19","Time1","PC_1","P. acuta",58,2,"High",135.482,71.453,106.79,136.44,112.659,92.758,"",1.00707105002879,1.57668677312359,0.868601929019571,"Time1 High P. acuta","High P. acuta",3.96325979310314
"149","1481",-3.96325979310314,"5/10/19","Time0","PC_1","P. acuta",10,2,"High",131.976,68.644,106.837,105.552,85.133,77.275,"",0.799781778505183,1.24021036070159,0.723298108333255,"Time0 High P. acuta","High P. acuta",3.96325979310314
"150","1482",5.98941388555003,"5/11/19","Time0","PC_3","P. acuta",46,6,"Ambient",139.206,71.056,107.952,161.969,138.652,107.146,"",1.16352025056391,1.95130601215942,0.992533718689788,"Time0 Ambient P. acuta","Ambient P. acuta",-5.98941388555003
"151","1490",4.65257082637947,"5/17/19","Time1","PC_1","P. acuta",58,2,"High",135.482,71.453,106.79,148.772,129.436,101.978,"",1.09809421177721,1.81148447231047,0.954939601086244,"Time1 High P. acuta","High P. acuta",-4.65257082637947
"152","1490",4.65257082637947,"5/10/19","Time0","PC_1","P. acuta",10,2,"High",131.976,68.644,106.837,149.709,131.564,104.503,"",1.13436533915257,1.91661325097605,0.978153635912652,"Time0 High P. acuta","High P. acuta",-4.65257082637947
"153","1490",5.6559329962122,"5/17/19","Time1","PC_1","P. acuta",58,2,"High",135.482,71.453,106.79,148.772,129.436,101.978,"",1.09809421177721,1.81148447231047,0.954939601086244,"Time1 High P. acuta","High P. acuta",-5.6559329962122
"154","1490",5.6559329962122,"5/10/19","Time0","PC_1","P. acuta",10,2,"High",131.976,68.644,106.837,149.709,131.564,104.503,"",1.13436533915257,1.91661325097605,0.978153635912652,"Time0 High P. acuta","High P. acuta",-5.6559329962122
"155","1535",2.43551720565695,"5/10/19","Time0","MC_289","M. capitata",7,1,"Ambient",134.822,74.198,105.873,142.892,121.386,97.233,"",1.05985669994511,1.63597401547212,0.918392791363237,"Time0 Ambient M. capitata","Ambient M. capitata",-2.43551720565695
"156","1539",-4.00110599791036,"5/10/19","Time0","MC_248","M. capitata",5,1,"Ambient",135.713,76.806,106.567,120.029,96.153,70.152,"",0.884432589361373,1.25189438325131,0.658290089802659,"Time0 Ambient M. capitata","Ambient M. capitata",4.00110599791036
"157","1544",-2.12323668642765,"5/10/19","Time0","MC_248","M. capitata",5,1,"Ambient",135.713,76.806,106.567,131.623,107.078,76.097,"",0.969862872385107,1.39413587480145,0.714076590314075,"Time0 Ambient M. capitata","Ambient M. capitata",2.12323668642765
"158","1556",3.69478456431253,"5/11/19","Time0","PC_1","P. acuta",42,6,"Ambient",137.524,67.66,106.781,146.414,119.886,93.563,"",1.06464326226695,1.77188885604493,0.876213933190362,"Time0 Ambient P. acuta","Ambient P. acuta",-3.69478456431253
"159","1558",-3.67855005201001,"5/11/19","Time0","MC_291","M. capitata",43,6,"Ambient",138.011,68.506,109.856,118.337,90.749,65.679,"",0.85744614559709,1.32468688873967,0.597864477133702,"Time0 Ambient M. capitata","Ambient M. capitata",3.67855005201001
"160","1565",-4.71679777108825,"5/10/19","Time0","MC_248","M. capitata",37,5,"High",143.539,74.222,107.794,116.972,88.189,65.133,"",0.814914413504344,1.18817870712188,0.604235857283337,"Time0 High M. capitata","High M. capitata",4.71679777108825
"161","1570",-4.65388664344575,"5/17/19","Time1","MC_291","M. capitata",51,1,"Ambient",146.271,76.438,116.861,116.396,92.542,67.949,"",0.795755823095487,1.21068055155813,0.581451467983331,"Time1 Ambient M. capitata","Ambient M. capitata",4.65388664344575
"162","1570",-4.65388664344575,"5/10/19","Time0","MC_291","M. capitata",3,1,"Ambient",139.432,75.988,109.962,111.541,87.801,64.986,"",0.799967009007975,1.15545875664579,0.590985976973864,"Time0 Ambient M. capitata","Ambient M. capitata",4.65388664344575
"163","1570",-4.65388664344575,"5/10/19","Time0","PC_2","P. acuta",20,3,"High",133.519,69.726,107.583,159.255,135.477,104.75,"",1.19275159340618,1.94299113673522,0.973666843274495,"Time0 High P. acuta","High P. acuta",4.65388664344575
"164","1570",-4.87545202277381,"5/17/19","Time1","MC_291","M. capitata",51,1,"Ambient",146.271,76.438,116.861,116.396,92.542,67.949,"",0.795755823095487,1.21068055155813,0.581451467983331,"Time1 Ambient M. capitata","Ambient M. capitata",4.87545202277381
"165","1570",-4.87545202277381,"5/10/19","Time0","MC_291","M. capitata",3,1,"Ambient",139.432,75.988,109.962,111.541,87.801,64.986,"",0.799967009007975,1.15545875664579,0.590985976973864,"Time0 Ambient M. capitata","Ambient M. capitata",4.87545202277381
"166","1570",-4.87545202277381,"5/10/19","Time0","PC_2","P. acuta",20,3,"High",133.519,69.726,107.583,159.255,135.477,104.75,"",1.19275159340618,1.94299113673522,0.973666843274495,"Time0 High P. acuta","High P. acuta",4.87545202277381
"167","1570",5.92364192961301,"5/17/19","Time1","MC_291","M. capitata",51,1,"Ambient",146.271,76.438,116.861,116.396,92.542,67.949,"",0.795755823095487,1.21068055155813,0.581451467983331,"Time1 Ambient M. capitata","Ambient M. capitata",-5.92364192961301
"168","1570",5.92364192961301,"5/10/19","Time0","MC_291","M. capitata",3,1,"Ambient",139.432,75.988,109.962,111.541,87.801,64.986,"",0.799967009007975,1.15545875664579,0.590985976973864,"Time0 Ambient M. capitata","Ambient M. capitata",-5.92364192961301
"169","1570",5.92364192961301,"5/10/19","Time0","PC_2","P. acuta",20,3,"High",133.519,69.726,107.583,159.255,135.477,104.75,"",1.19275159340618,1.94299113673522,0.973666843274495,"Time0 High P. acuta","High P. acuta",-5.92364192961301
"170","1574",-2.68118593026522,"5/17/19","Time1","MC_291","M. capitata",51,1,"Ambient",146.271,76.438,116.861,133.343,106.436,77.906,"",0.911616109823547,1.39244878201941,0.666655257100316,"Time1 Ambient M. capitata","Ambient M. capitata",2.68118593026522
"171","1574",-2.68118593026522,"5/10/19","Time0","MC_291","M. capitata",3,1,"Ambient",139.432,75.988,109.962,114.86,91.012,69.18,"",0.823770726949337,1.19771542875191,0.629126425492443,"Time0 Ambient M. capitata","Ambient M. capitata",2.68118593026522
"172","1574",-4.59817847122016,"5/17/19","Time1","MC_291","M. capitata",51,1,"Ambient",146.271,76.438,116.861,133.343,106.436,77.906,"",0.911616109823547,1.39244878201941,0.666655257100316,"Time1 Ambient M. capitata","Ambient M. capitata",4.59817847122016
"173","1574",-4.59817847122016,"5/10/19","Time0","MC_291","M. capitata",3,1,"Ambient",139.432,75.988,109.962,114.86,91.012,69.18,"",0.823770726949337,1.19771542875191,0.629126425492443,"Time0 Ambient M. capitata","Ambient M. capitata",4.59817847122016
"174","1577",-0.802352862835907,"5/11/19","Time0","PC_2","P. acuta",44,6,"Ambient",135.463,65.195,106.529,127.456,100.329,72.058,"",0.940891608778781,1.53890635784953,0.676416750368444,"Time0 Ambient P. acuta","Ambient P. acuta",0.802352862835907
"175","1579",2.35709085971661,"5/10/19","Time0","PC_4","P. acuta",24,3,"High",131.689,68.465,105.472,138.489,113.958,90.272,"",1.0516368109713,1.66447089753889,0.855885922330097,"Time0 High P. acuta","High P. acuta",-2.35709085971661
"176","1580",1.6034426625321,"5/10/19","Time0","PC_2","P. acuta",36,5,"High",135.913,70.696,108.31,140.767,115.158,88.424,"",1.03571402294115,1.62891818490438,0.816397377896778,"Time0 High P. acuta","High P. acuta",-1.6034426625321
"177","1583",5.00474477061951,"5/10/19","Time0","PC_2","P. acuta",28,4,"Ambient",128.612,67.335,102.738,147.459,124.326,95.533,"",1.14654153578204,1.84638004009802,0.92987015515194,"Time0 Ambient P. acuta","Ambient P. acuta",-5.00474477061951
"178","1586",6.45115225450884,"5/17/19","Time1","PC_2","P. acuta",60,2,"High",135.552,68.865,106.42,163.909,140.279,106.174,"",1.2091964707271,2.03701444855877,0.997688404435257,"Time1 High P. acuta","High P. acuta",-6.45115225450884
"179","1586",6.45115225450884,"5/10/19","Time0","PC_2","P. acuta",12,2,"High",134.624,74.943,105.954,147.283,124.992,89.076,"",1.09403226764916,1.66782754893719,0.840704456650999,"Time0 High P. acuta","High P. acuta",-6.45115225450884
"180","1586",2.50912866649058,"5/17/19","Time1","PC_2","P. acuta",60,2,"High",135.552,68.865,106.42,163.909,140.279,106.174,"",1.2091964707271,2.03701444855877,0.997688404435257,"Time1 High P. acuta","High P. acuta",-2.50912866649058
"181","1586",2.50912866649058,"5/10/19","Time0","PC_2","P. acuta",12,2,"High",134.624,74.943,105.954,147.283,124.992,89.076,"",1.09403226764916,1.66782754893719,0.840704456650999,"Time0 High P. acuta","High P. acuta",-2.50912866649058
"182","1587",-4.23657743618792,"5/10/19","Time0","MC_291","M. capitata",19,3,"High",140.083,74.372,110.041,115.555,91.699,74.487,"",0.82490380702869,1.23297746463723,0.676902245526667,"Time0 High M. capitata","High M. capitata",4.23657743618792
"183","1588",3.58097511517655,"5/10/19","Time0","PC_1","P. acuta",26,4,"Ambient",133.473,69.186,106.127,137.662,119.567,103.833,"",1.03138462460573,1.72819645593039,0.978384388515646,"Time0 Ambient P. acuta","Ambient P. acuta",-3.58097511517655
"184","1591",-4.99845360417333,"5/10/19","Time0","MC_291","M. capitata",11,2,"High",140.681,73.732,110.979,109.665,82.151,59.535,"",0.779529574000754,1.11418380079206,0.536452842429649,"Time0 High M. capitata","High M. capitata",4.99845360417333
"185","1591",-4.99845360417333,"5/17/19","Time1","MC_291","M. capitata",59,2,"High",142.575,73.135,112.528,116.067,87.467,60.07,"",0.814076801683325,1.19596636357421,0.533822693018627,"Time1 High M. capitata","High M. capitata",4.99845360417333
"186","1591",-4.66907960795451,"5/10/19","Time0","MC_291","M. capitata",11,2,"High",140.681,73.732,110.979,109.665,82.151,59.535,"",0.779529574000754,1.11418380079206,0.536452842429649,"Time0 High M. capitata","High M. capitata",4.66907960795451
"187","1591",-4.66907960795451,"5/17/19","Time1","MC_291","M. capitata",59,2,"High",142.575,73.135,112.528,116.067,87.467,60.07,"",0.814076801683325,1.19596636357421,0.533822693018627,"Time1 High M. capitata","High M. capitata",4.66907960795451
"188","1592",-4.46065693173068,"5/10/19","Time0","PC_4","P. acuta",32,4,"Ambient",131.913,67.781,104.482,104.889,83.069,66.963,"",0.795137704396079,1.22554993287204,0.640904653433127,"Time0 Ambient P. acuta","Ambient P. acuta",4.46065693173068
"189","1594",3.11942493601967,"5/10/19","Time0","PC_3","P. acuta",38,5,"High",142.37,70.611,103.844,149.157,120.746,93.693,"",1.04767156001967,1.71001685289827,0.90224760217249,"Time0 High P. acuta","High P. acuta",-3.11942493601967
"190","1595",-2.34051563988357,"5/10/19","Time0","MC_289","M. capitata",31,4,"Ambient",137.796,75.046,110.969,126.502,103.199,84.304,"",0.918038259456007,1.37514324547611,0.759707666104948,"Time0 Ambient M. capitata","Ambient M. capitata",2.34051563988357
"191","1598",-2.68413365311858,"5/10/19","Time0","MC_206","M. capitata",33,5,"High",137.027,76.032,112.199,126.183,101.973,84.356,"Whole section/half is pale",0.920862311807162,1.34118529040404,0.751842708045526,"Time0 High M. capitata","High M. capitata",2.68413365311858
"192","1599",1.95295206227763,"5/10/19","Time0","PC_4","P. acuta",40,5,"High",141.594,70.985,105.649,144.387,115.962,92.649,"",1.01972541209373,1.63361273508488,0.876951035977624,"Time0 High P. acuta","High P. acuta",-1.95295206227763
"193","1600",6.20589322303641,"5/17/19","Time1","PC_1","P. acuta",58,2,"High",135.482,71.453,106.79,159.552,139.353,113.207,"",1.17766197723683,1.95027500594797,1.06008989605768,"Time1 High P. acuta","High P. acuta",-6.20589322303641
"194","1600",6.20589322303641,"5/10/19","Time0","PC_1","P. acuta",10,2,"High",131.976,68.644,106.837,162.539,143.617,118.165,"",1.23157998423956,2.09220033797564,1.10603068225428,"Time0 High P. acuta","High P. acuta",-6.20589322303641
"195","1600",6.92077664740123,"5/17/19","Time1","PC_1","P. acuta",58,2,"High",135.482,71.453,106.79,159.552,139.353,113.207,"",1.17766197723683,1.95027500594797,1.06008989605768,"Time1 High P. acuta","High P. acuta",-6.92077664740123
"196","1600",6.92077664740123,"5/10/19","Time0","PC_1","P. acuta",10,2,"High",131.976,68.644,106.837,162.539,143.617,118.165,"",1.23157998423956,2.09220033797564,1.10603068225428,"Time0 High P. acuta","High P. acuta",-6.92077664740123
"197","1603",0.860594003175331,"5/11/19","Time0","MC_289","M. capitata",47,6,"Ambient",136.937,68.629,108.482,136.884,109.532,86.081,"",0.999612960704557,1.59600169024756,0.793504913257499,"Time0 Ambient M. capitata","Ambient M. capitata",-0.860594003175331
"198","1604",-2.694829550285,"5/11/19","Time0","MC_291","M. capitata",43,6,"Ambient",138.011,68.506,109.856,125.005,95.214,74.511,"",0.905761134981994,1.38986366157709,0.678260632100204,"Time0 Ambient M. capitata","Ambient M. capitata",2.694829550285
"199","1605",6.35550899361454,"5/10/19","Time0","PC_3","P. acuta",38,5,"High",142.37,70.611,103.844,166.422,139.923,110.759,"",1.16894008569221,1.98160343289289,1.06659027002042,"Time0 High P. acuta","High P. acuta",-6.35550899361454
"200","1609",-2.72520894553383,"5/10/19","Time0","MC_289","M. capitata",31,4,"Ambient",137.796,75.046,110.969,124.852,98.85,86.875,"",0.906064036691921,1.31719212216507,0.782876298786148,"Time0 Ambient M. capitata","Ambient M. capitata",2.72520894553383
"201","1622",5.18150529354625,"5/10/19","Time0","PC_2","P. acuta",28,4,"Ambient",128.612,67.335,102.738,143.534,125.13,99.818,"",1.11602338817529,1.85832033860548,0.971578189180245,"Time0 Ambient P. acuta","Ambient P. acuta",-5.18150529354625
"202","1624",2.06299519999083,"5/10/19","Time0","MC_289","M. capitata",15,2,"High",140.334,73.179,111.639,144.793,120.054,97.18,"",1.03177419584705,1.64055261755422,0.870484328953144,"Time0 High M. capitata","High M. capitata",-2.06299519999083
"203","1625",-1.69993252295138,"5/11/19","Time0","MC_206","M. capitata",41,6,"Ambient",150.681,76.505,116.219,140.697,111.845,80.256,"",0.933740816692217,1.46193059277171,0.690558342439704,"Time0 Ambient M. capitata","Ambient M. capitata",1.69993252295138
"204","1629",-5.03378122160475,"5/10/19","Time0","MC_206","M. capitata",9,2,"High",146.868,78.495,114.381,99.849,75.132,52.087,"",0.679855380341531,0.957156506783872,0.455381575611334,"Time0 High M. capitata","High M. capitata",5.03378122160475
"205","1629",-5.03378122160475,"5/17/19","Time1","MC_206","M. capitata",57,2,"High",143.685,76.299,114.666,99.147,70.939,45.922,"",0.690030274558931,0.929750062255075,0.400484886540038,"Time1 High M. capitata","High M. capitata",5.03378122160475
"206","1629",-4.94269364372066,"5/10/19","Time0","MC_206","M. capitata",9,2,"High",146.868,78.495,114.381,99.849,75.132,52.087,"",0.679855380341531,0.957156506783872,0.455381575611334,"Time0 High M. capitata","High M. capitata",4.94269364372066
"207","1629",-4.94269364372066,"5/17/19","Time1","MC_206","M. capitata",57,2,"High",143.685,76.299,114.666,99.147,70.939,45.922,"",0.690030274558931,0.929750062255075,0.400484886540038,"Time1 High M. capitata","High M. capitata",4.94269364372066
"208","1632",5.96368018295434,"5/11/19","Time0","PC_2","P. acuta",44,6,"Ambient",135.463,65.195,106.529,148.628,128.641,109.807,"",1.09718520924533,1.97317278932433,1.03077096377512,"Time0 Ambient P. acuta","Ambient P. acuta",-5.96368018295434
"209","1633",-2.08694079059918,"5/11/19","Time0","MC_248","M. capitata",45,6,"Ambient",142.819,71.855,110.271,132.527,103.963,70.373,"",0.927936759114684,1.44684433929441,0.638182296342647,"Time0 Ambient M. capitata","Ambient M. capitata",2.08694079059918
"210","1637",0.458557826545282,"5/11/19","Time0","PC_4","P. acuta",48,6,"Ambient",135.065,67.344,107.182,127.468,105.448,89.593,"",0.943753007811054,1.56581135661677,0.835895952678621,"Time0 Ambient P. acuta","Ambient P. acuta",-0.458557826545282
"211","1638",-4.07434838600702,"5/10/19","Time0","PC_3","P. acuta",6,1,"Ambient",136.882,78.018,107.472,120.487,95.082,73.632,"",0.88022530354612,1.21871875720987,0.685127288968289,"Time0 Ambient P. acuta","Ambient P. acuta",4.07434838600702
"212","1639",-2.18367801335861,"5/17/19","Time1","MC_291","M. capitata",51,1,"Ambient",146.271,76.438,116.861,134.028,108.238,83.863,"",0.916299198063868,1.41602344383684,0.71763034716458,"Time1 Ambient M. capitata","Ambient M. capitata",2.18367801335861
"213","1639",-2.18367801335861,"5/10/19","Time0","MC_291","M. capitata",3,1,"Ambient",139.432,75.988,109.962,119.21,95.783,76.258,"",0.854968730277124,1.26050165815655,0.693494116149215,"Time0 Ambient M. capitata","Ambient M. capitata",2.18367801335861
"214","1639",-3.9123971123906,"5/17/19","Time1","MC_291","M. capitata",51,1,"Ambient",146.271,76.438,116.861,134.028,108.238,83.863,"",0.916299198063868,1.41602344383684,0.71763034716458,"Time1 Ambient M. capitata","Ambient M. capitata",3.9123971123906
"215","1639",-3.9123971123906,"5/10/19","Time0","MC_291","M. capitata",3,1,"Ambient",139.432,75.988,109.962,119.21,95.783,76.258,"",0.854968730277124,1.26050165815655,0.693494116149215,"Time0 Ambient M. capitata","Ambient M. capitata",3.9123971123906
"216","1640",-4.19601890298111,"5/10/19","Time0","PC_4","P. acuta",40,5,"High",141.594,70.985,105.649,110.503,84.61,76.704,"",0.780421486786163,1.19194195956892,0.726026748951717,"Time0 High P. acuta","High P. acuta",4.19601890298111
"217","1645",-2.37747476248705,"5/10/19","Time0","MC_248","M. capitata",21,3,"High",133.325,71.205,106.669,124.853,99.671,73.819,"",0.936456028501781,1.3997752966786,0.692037986669042,"Time0 High M. capitata","High M. capitata",2.37747476248705
"218","1651",4.3554807054891,"5/10/19","Time0","PC_3","P. acuta",30,4,"Ambient",134.255,71.517,108.413,149.761,126.794,103.332,"",1.11549662954825,1.77292112364892,0.953132926863015,"Time0 Ambient P. acuta","Ambient P. acuta",-4.3554807054891
"219","1654",-4.79649947579015,"5/10/19","Time0","PC_3","P. acuta",6,1,"Ambient",136.882,78.018,107.472,113.456,87.38,67.019,"",0.828859893923233,1.11999794919121,0.623594982879262,"Time0 Ambient P. acuta","Ambient P. acuta",4.79649947579015
"220","1676",-2.2767803382716,"5/10/19","Time0","PC_1","P. acuta",26,4,"Ambient",133.473,69.186,106.127,120.717,97.062,78.068,"",0.90443010946034,1.40291388431185,0.735609222912171,"Time0 Ambient P. acuta","Ambient P. acuta",2.2767803382716
"221","1688",-4.96865764435205,"5/10/19","Time0","MC_206","M. capitata",9,2,"High",146.868,78.495,114.381,112.106,85.88,70.009,"",0.763311272707465,1.09408242563221,0.612068437939868,"Time0 High M. capitata","High M. capitata",4.96865764435205
"222","1688",-4.96865764435205,"5/17/19","Time1","MC_206","M. capitata",57,2,"High",143.685,76.299,114.666,122.424,96.159,76.547,"",0.852030483348993,1.26029174694295,0.667564927703068,"Time1 High M. capitata","High M. capitata",4.96865764435205
"223","1688",-4.047342561338,"5/10/19","Time0","MC_206","M. capitata",9,2,"High",146.868,78.495,114.381,112.106,85.88,70.009,"",0.763311272707465,1.09408242563221,0.612068437939868,"Time0 High M. capitata","High M. capitata",4.047342561338
"224","1688",-4.047342561338,"5/17/19","Time1","MC_206","M. capitata",57,2,"High",143.685,76.299,114.666,122.424,96.159,76.547,"",0.852030483348993,1.26029174694295,0.667564927703068,"Time1 High M. capitata","High M. capitata",4.047342561338
"225","1702",5.06341983458346,"5/10/19","Time0","PC_3","P. acuta",38,5,"High",142.37,70.611,103.844,159.002,130.371,100.065,"",1.11682236426213,1.8463270595233,0.963608874850738,"Time0 High P. acuta","High P. acuta",-5.06341983458346
"226","1707",5.24237199646957,"5/10/19","Time0","PC_2","P. acuta",20,3,"High",133.519,69.726,107.583,150.386,130.666,102.226,"",1.12632659022311,1.87399248486935,0.950205887547289,"Time0 High P. acuta","High P. acuta",-5.24237199646957
"227","1710",-4.19779025624944,"5/10/19","Time0","MC_248","M. capitata",37,5,"High",143.539,74.222,107.794,120.724,92.828,70.323,"",0.841053650924139,1.25068039125866,0.652383249531514,"Time0 High M. capitata","High M. capitata",4.19779025624944
"228","1713",1.21950214592819,"5/10/19","Time0","MC_289","M. capitata",39,5,"High",142.499,75.487,109.729,141.366,118.104,100.513,"bleached on one side and had to be re-glued",0.992049067010997,1.56456078530078,0.916011264114318,"Time0 High M. capitata","High M. capitata",-1.21950214592819
"229","1717",-2.71508185894586,"5/10/19","Time0","MC_289","M. capitata",15,2,"High",140.334,73.179,111.639,127.234,100.787,78.401,"Mostly dead already",0.906651274815797,1.37726670219599,0.702272503336648,"Time0 High M. capitata","High M. capitata",2.71508185894586
"230","1721",-0.978417022107179,"5/10/19","Time0","MC_289","M. capitata",7,1,"Ambient",134.822,74.198,105.873,130.916,109.36,80.578,"",0.971028467164113,1.47389417504515,0.761081673325588,"Time0 Ambient M. capitata","Ambient M. capitata",0.978417022107179
"231","1725",-4.24650112281094,"5/10/19","Time0","MC_291","M. capitata",11,2,"High",140.681,73.732,110.979,118.958,92.465,68.676,"",0.845586824091384,1.2540687896707,0.618819776714514,"Time0 High M. capitata","High M. capitata",4.24650112281094
"232","1725",-4.24650112281094,"5/17/19","Time1","MC_291","M. capitata",59,2,"High",142.575,73.135,112.528,129.05,102.147,76.706,"",0.905137646852534,1.39669105079647,0.681661453149438,"Time1 High M. capitata","High M. capitata",4.24650112281094
"233","1725",-2.6123775375483,"5/10/19","Time0","MC_291","M. capitata",11,2,"High",140.681,73.732,110.979,118.958,92.465,68.676,"",0.845586824091384,1.2540687896707,0.618819776714514,"Time0 High M. capitata","High M. capitata",2.6123775375483
"234","1725",-2.6123775375483,"5/17/19","Time1","MC_291","M. capitata",59,2,"High",142.575,73.135,112.528,129.05,102.147,76.706,"",0.905137646852534,1.39669105079647,0.681661453149438,"Time1 High M. capitata","High M. capitata",2.6123775375483
"235","1726",-3.07650389487205,"5/10/19","Time0","MC_206","M. capitata",9,2,"High",146.868,78.495,114.381,130.385,105.53,80.946,"",0.887769970313479,1.34441684183706,0.707687465575576,"Time0 High M. capitata","High M. capitata",3.07650389487205
"236","1726",-3.07650389487205,"5/17/19","Time1","MC_206","M. capitata",57,2,"High",143.685,76.299,114.666,134.03,108.435,81.278,"",0.932804398510631,1.4211850745095,0.70882388851098,"Time1 High M. capitata","High M. capitata",3.07650389487205
"237","1726",-2.08905634860089,"5/10/19","Time0","MC_206","M. capitata",9,2,"High",146.868,78.495,114.381,130.385,105.53,80.946,"",0.887769970313479,1.34441684183706,0.707687465575576,"Time0 High M. capitata","High M. capitata",2.08905634860089
"238","1726",-2.08905634860089,"5/17/19","Time1","MC_206","M. capitata",57,2,"High",143.685,76.299,114.666,134.03,108.435,81.278,"",0.932804398510631,1.4211850745095,0.70882388851098,"Time1 High M. capitata","High M. capitata",2.08905634860089
"239","1730",-0.226363885648959,"5/10/19","Time0","MC_248","M. capitata",21,3,"High",133.325,71.205,106.669,134.067,108.52,80.301,"",1.00556534783424,1.52405027736816,0.752805407381714,"Time0 High M. capitata","High M. capitata",0.226363885648959
"240","1736",-1.17146225831945,"5/10/19","Time0","MC_206","M. capitata",25,4,"Ambient",141.91,74.649,113.795,135.205,108.827,88.336,"",0.952751744063139,1.45784940186741,0.776273122720682,"Time0 Ambient M. capitata","Ambient M. capitata",1.17146225831945
"241","1737",-4.93814994579284,"5/10/19","Time0","PC_4","P. acuta",16,2,"High",135.432,70.039,108.38,104.748,79.774,64.371,"",0.773436115541379,1.13899398906324,0.59393799594021,"Time0 High P. acuta","High P. acuta",4.93814994579284
"242","1738",-4.3071804142466,"5/10/19","Time0","MC_248","M. capitata",37,5,"High",143.539,74.222,107.794,123.86,91.121,68.322,"",0.862901371752625,1.22768181940665,0.633820064196523,"Time0 High M. capitata","High M. capitata",4.3071804142466
"243","1740",-1.85236084122356,"5/10/19","Time0","MC_248","M. capitata",5,1,"Ambient",135.713,76.806,106.567,135.109,108.3,74.635,"",0.99554943152093,1.41004609014921,0.700357521559207,"Time0 Ambient M. capitata","Ambient M. capitata",1.85236084122356
"244","1744",-3.95935823838426,"5/10/19","Time0","MC_206","M. capitata",33,5,"High",137.027,76.032,112.199,119.017,94.194,78.366,"",0.868566049026834,1.23887310606061,0.698455422953859,"Time0 High M. capitata","High M. capitata",3.95935823838426
"245","1750",6.09304488955479,"5/10/19","Time0","PC_1","P. acuta",2,1,"Ambient",136.536,75.43,105.921,160.947,145.068,116.695,"",1.17878801195289,1.92321357550046,1.10171731762351,"Time0 Ambient P. acuta","Ambient P. acuta",-6.09304488955479
"246","1750",6.09304488955479,"5/17/19","Time1","PC_1","P. acuta",50,1,"Ambient",141.671,73.615,112.887,162.231,142.669,114.261,"",1.1451249726479,1.93804251850846,1.0121714634989,"Time1 Ambient P. acuta","Ambient P. acuta",-6.09304488955479
"247","1750",5.93329429276507,"5/10/19","Time0","PC_1","P. acuta",2,1,"Ambient",136.536,75.43,105.921,160.947,145.068,116.695,"",1.17878801195289,1.92321357550046,1.10171731762351,"Time0 Ambient P. acuta","Ambient P. acuta",-5.93329429276507
"248","1750",5.93329429276507,"5/17/19","Time1","PC_1","P. acuta",50,1,"Ambient",141.671,73.615,112.887,162.231,142.669,114.261,"",1.1451249726479,1.93804251850846,1.0121714634989,"Time1 Ambient P. acuta","Ambient P. acuta",-5.93329429276507
"249","1751",5.67185896677767,"5/10/19","Time0","PC_1","P. acuta",34,5,"High",135.157,69.283,108.387,151.826,131.673,111.552,"",1.12333064510162,1.90050950449605,1.02920091892939,"Time0 High P. acuta","High P. acuta",-5.67185896677767
"250","1753",-4.49036445030249,"5/11/19","Time0","MC_206","M. capitata",41,6,"Ambient",150.681,76.505,116.219,123.927,94.143,68.435,"Pale tips ",0.822446094729926,1.23054702307039,0.588845197428992,"Time0 Ambient M. capitata","Ambient M. capitata",4.49036445030249
"251","1769",3.71250804094732,"5/10/19","Time0","PC_3","P. acuta",22,3,"High",131.537,68.206,105.742,146.453,118.858,94.06,"",1.11339775120308,1.7426326129666,0.889523557337671,"Time0 High P. acuta","High P. acuta",-3.71250804094732
"252","1772",-3.30169354205414,"5/10/19","Time0","MC_248","M. capitata",29,4,"Ambient",138.489,72.255,111.294,124.341,96.235,74.828,"A little pale on top",0.897840261681433,1.33188014670265,0.672345319603932,"Time0 Ambient M. capitata","Ambient M. capitata",3.30169354205414
"253","1773",-5.08259180906837,"5/10/19","Time0","MC_206","M. capitata",9,2,"High",146.868,78.495,114.381,104.056,78.92,58.179,"",0.708500149794373,1.0054143576024,0.508642169591103,"Time0 High M. capitata","High M. capitata",5.08259180906837
"254","1773",-5.08259180906837,"5/17/19","Time1","MC_206","M. capitata",57,2,"High",143.685,76.299,114.666,99.448,72.61,50.584,"",0.692125134843581,0.951650742473689,0.44114209966337,"Time1 High M. capitata","High M. capitata",5.08259180906837
"255","1773",-5.01941524449566,"5/10/19","Time0","MC_206","M. capitata",9,2,"High",146.868,78.495,114.381,104.056,78.92,58.179,"",0.708500149794373,1.0054143576024,0.508642169591103,"Time0 High M. capitata","High M. capitata",5.01941524449566
"256","1773",-5.01941524449566,"5/17/19","Time1","MC_206","M. capitata",57,2,"High",143.685,76.299,114.666,99.448,72.61,50.584,"",0.692125134843581,0.951650742473689,0.44114209966337,"Time1 High M. capitata","High M. capitata",5.01941524449566
"257","1775",-5.01337166124443,"5/10/19","Time0","MC_291","M. capitata",27,4,"Ambient",141.96,73.933,114.13,104.926,81.826,65.62,"",0.739123696816004,1.10675882217684,0.574958380793832,"Time0 Ambient M. capitata","Ambient M. capitata",5.01337166124443
"258","1997",1.7511741234502,"5/10/19","Time0","PC_3","P. acuta",14,2,"High",134.877,75.023,106.984,145.287,120.408,90.83,"",1.07718143197135,1.60494781600309,0.849005458760189,"Time0 High P. acuta","High P. acuta",-1.7511741234502
"259","1998",6.49109269865156,"5/10/19","Time0","PC_2","P. acuta",28,4,"Ambient",128.612,67.335,102.738,155.036,134.677,108.653,"",1.20545516748048,2.00010395782283,1.05757363390372,"Time0 Ambient P. acuta","Ambient P. acuta",-6.49109269865156
"260","1999",-2.07326348165083,"5/10/19","Time0","PC_1","P. acuta",18,3,"High",137.149,72.115,109.527,123.293,100.471,85.905,"",0.898971191915362,1.39320529709492,0.784327152209044,"Time0 High P. acuta","High P. acuta",2.07326348165083
"261","2001",6.35041887640708,"5/10/19","Time0","PC_3","P. acuta",38,5,"High",142.37,70.611,103.844,168.118,139.921,108.912,"",1.18085270773337,1.98157510869411,1.04880397519356,"Time0 High P. acuta","High P. acuta",-6.35041887640708
"262","2005",-5.07200412465347,"5/10/19","Time0","MC_248","M. capitata",21,3,"High",133.325,71.205,106.669,98.14,71.137,52.365,"",0.736096006000375,0.999045010884067,0.490911136318893,"Time0 High M. capitata","High M. capitata",5.07200412465347
"263","2009",7.10708138284153,"5/17/19","Time1","PC_2","P. acuta",52,1,"Ambient",138.687,69.852,110.03,171.648,152.979,118.453,"",1.23766466936339,2.19004466586497,1.07655184949559,"Time1 Ambient P. acuta","Ambient P. acuta",-7.10708138284153
"264","2009",7.10708138284153,"5/10/19","Time0","PC_2","P. acuta",4,1,"Ambient",139.822,78.215,106.853,148.374,126.146,95.435,"",1.0611634792808,1.61281084191012,0.893142915968667,"Time0 Ambient P. acuta","Ambient P. acuta",-7.10708138284153
"265","2009",2.02982150647015,"5/17/19","Time1","PC_2","P. acuta",52,1,"Ambient",138.687,69.852,110.03,171.648,152.979,118.453,"",1.23766466936339,2.19004466586497,1.07655184949559,"Time1 Ambient P. acuta","Ambient P. acuta",-2.02982150647015
"266","2009",2.02982150647015,"5/10/19","Time0","PC_2","P. acuta",4,1,"Ambient",139.822,78.215,106.853,148.374,126.146,95.435,"",1.0611634792808,1.61281084191012,0.893142915968667,"Time0 Ambient P. acuta","Ambient P. acuta",-2.02982150647015
"267","2010",5.17352094654821,"5/17/19","Time1","PC_2","P. acuta",52,1,"Ambient",138.687,69.852,110.03,157.618,133.936,97.35,"",1.13650161875302,1.91742541373189,0.884758702172135,"Time1 Ambient P. acuta","Ambient P. acuta",-5.17352094654821
"268","2010",5.17352094654821,"5/10/19","Time0","PC_2","P. acuta",4,1,"Ambient",139.822,78.215,106.853,141.239,119.15,89.966,"",1.01013431362733,1.5233650834239,0.841960450338315,"Time0 Ambient P. acuta","Ambient P. acuta",-5.17352094654821
"269","2010",0.362633544892735,"5/17/19","Time1","PC_2","P. acuta",52,1,"Ambient",138.687,69.852,110.03,157.618,133.936,97.35,"",1.13650161875302,1.91742541373189,0.884758702172135,"Time1 Ambient P. acuta","Ambient P. acuta",-0.362633544892735
"270","2010",0.362633544892735,"5/10/19","Time0","PC_2","P. acuta",4,1,"Ambient",139.822,78.215,106.853,141.239,119.15,89.966,"",1.01013431362733,1.5233650834239,0.841960450338315,"Time0 Ambient P. acuta","Ambient P. acuta",-0.362633544892735
"271","2019",-4.11197509269879,"5/10/19","Time0","MC_206","M. capitata",33,5,"High",137.027,76.032,112.199,97.406,75.604,90.117,"Tips and top section pale",0.710852605690849,0.994370791245791,0.803188976728848,"Time0 High M. capitata","High M. capitata",4.11197509269879
"272","2022",-0.688723665664812,"5/10/19","Time0","PC_4","P. acuta",40,5,"High",141.594,70.985,105.649,128.756,103.541,92.192,"",0.909332316341088,1.45863210537437,0.872625391626991,"Time0 High P. acuta","High P. acuta",0.688723665664812
"273","2023",1.26380693463435,"5/10/19","Time0","MC_289","M. capitata",15,2,"High",140.334,73.179,111.639,137.191,114.646,104.111,"",0.977603431812676,1.56665163503191,0.932568367685128,"Time0 High M. capitata","High M. capitata",-1.26380693463435
"274","2025",-2.57718953176674,"5/10/19","Time0","MC_206","M. capitata",33,5,"High",137.027,76.032,112.199,124.894,102.088,86.613,"Tips pale",0.9114554065987,1.34269781144781,0.771958751860534,"Time0 High M. capitata","High M. capitata",2.57718953176674
"275","2058",6.1755703413037,"5/10/19","Time0","MC_289","M. capitata",39,5,"High",142.499,75.487,109.729,169.523,145.819,122.206,"Pale but heavily fragmented so hard to tell if it is stressed or just heavily fragmented",1.18964343609429,1.93171009577808,1.11370740642857,"Time0 High M. capitata","High M. capitata",-6.1755703413037
"276","2072",3.43188867321736,"5/11/19","Time0","PC_2","P. acuta",44,6,"Ambient",135.463,65.195,106.529,146.168,116.768,85.298,"",1.07902526889261,1.79105759644145,0.800702156220372,"Time0 Ambient P. acuta","Ambient P. acuta",-3.43188867321736
"277","2076",0.571709339097663,"5/10/19","Time0","PC_1","P. acuta",34,5,"High",135.157,69.283,108.387,133.714,108.876,87.122,"",0.989323527453258,1.57146774822106,0.803804884349599,"Time0 High P. acuta","High P. acuta",-0.571709339097663
"278","2081",4.60556464627015,"5/17/19","Time1","PC_2","P. acuta",52,1,"Ambient",138.687,69.852,110.03,149.059,128.24,101.987,"",1.07478711054389,1.8358815781939,0.926901754067073,"Time1 Ambient P. acuta","Ambient P. acuta",-4.60556464627015
"279","2081",4.60556464627015,"5/10/19","Time0","PC_2","P. acuta",4,1,"Ambient",139.822,78.215,106.853,142.873,118.98,92.754,"",1.02182060047775,1.52119158729144,0.868052371014384,"Time0 Ambient P. acuta","Ambient P. acuta",-4.60556464627015
"280","2081",0.576104288573069,"5/17/19","Time1","PC_2","P. acuta",52,1,"Ambient",138.687,69.852,110.03,149.059,128.24,101.987,"",1.07478711054389,1.8358815781939,0.926901754067073,"Time1 Ambient P. acuta","Ambient P. acuta",-0.576104288573069
"281","2081",0.576104288573069,"5/10/19","Time0","PC_2","P. acuta",4,1,"Ambient",139.822,78.215,106.853,142.873,118.98,92.754,"",1.02182060047775,1.52119158729144,0.868052371014384,"Time0 Ambient P. acuta","Ambient P. acuta",-0.576104288573069
"282","2088",-2.43361225511176,"5/11/19","Time0","PC_4","P. acuta",48,6,"Ambient",135.065,67.344,107.182,123.188,94.188,76.068,"",0.912064561507422,1.39861012116892,0.709708719747719,"Time0 Ambient P. acuta","Ambient P. acuta",2.43361225511176
"283","2153",-4.28803759780206,"5/10/19","Time0","MC_289","M. capitata",31,4,"Ambient",137.796,75.046,110.969,119.298,91.193,72.698,"",0.865758077157537,1.21516136769448,0.65511989834999,"Time0 Ambient M. capitata","Ambient M. capitata",4.28803759780206
"284","2156",5.18494989239925,"5/10/19","Time0","PC_1","P. acuta",18,3,"High",137.149,72.115,109.527,156.424,133.544,105.433,"",1.14054057995319,1.85182000970672,0.962621088863933,"Time0 High P. acuta","High P. acuta",-5.18494989239925
"285","2169",3.46274285767267,"5/10/19","Time0","PC_3","P. acuta",22,3,"High",131.537,68.206,105.742,145.682,118.435,91.312,"",1.10753628256688,1.73643081253849,0.863535775756086,"Time0 High P. acuta","High P. acuta",-3.46274285767267
"286","2172",-1.55489597476117,"5/10/19","Time0","MC_248","M. capitata",29,4,"Ambient",138.489,72.255,111.294,132.912,105.857,76.031,"",0.959729653618699,1.46504740156391,0.683154527647492,"Time0 Ambient M. capitata","Ambient M. capitata",1.55489597476117
"287","2180",6.26475933082094,"5/10/19","Time0","PC_2","P. acuta",20,3,"High",133.519,69.726,107.583,157.572,137.071,112.403,"",1.18014664579573,1.96585204945071,1.04480261751392,"Time0 High P. acuta","High P. acuta",-6.26475933082094
"288","2183",-0.813611207137378,"5/10/19","Time0","MC_289","M. capitata",15,2,"High",140.334,73.179,111.639,138.682,109.276,81.778,"",0.988228084427152,1.4932699271649,0.732521788980553,"Time0 High M. capitata","High M. capitata",0.813611207137378
"289","2191",-1.10875099288308,"5/10/19","Time0","PC_4","P. acuta",32,4,"Ambient",131.913,67.781,104.482,124.559,99.026,82.242,"",0.944251135217909,1.46096988831678,0.787140368675944,"Time0 Ambient P. acuta","Ambient P. acuta",1.10875099288308
"290","2192",3.902736803959,"5/10/19","Time0","PC_4","P. acuta",16,2,"High",135.432,70.039,108.38,148.7,124.453,94.896,"re-glued",1.0979679839329,1.77691000728166,0.875585901457834,"Time0 High P. acuta","High P. acuta",-3.902736803959
"291","2194",0.864427899708858,"5/11/19","Time0","PC_4","P. acuta",48,6,"Ambient",135.065,67.344,107.182,137.699,109.414,77.322,"",1.0195017213934,1.62470301734379,0.72140844544793,"Time0 Ambient P. acuta","Ambient P. acuta",-0.864427899708858
"292","2204",3.20274584847823,"5/10/19","Time0","MC_289","M. capitata",23,3,"High",134.9,70.707,109.397,147.481,120.603,96.779,"One side pale",1.09326167531505,1.70567270567271,0.884658628664406,"Time0 High M. capitata","High M. capitata",-3.20274584847823
"293","2210",-4.73722579651028,"5/11/19","Time0","MC_206","M. capitata",41,6,"Ambient",150.681,76.505,116.219,112.168,85.774,77.376,"",0.744407058620529,1.12115548003398,0.665777540677514,"Time0 Ambient M. capitata","Ambient M. capitata",4.73722579651028
"294","2212",-4.88006440291724,"5/10/19","Time0","MC_291","M. capitata",27,4,"Ambient",141.96,73.933,114.13,112.562,85.847,64.943,"",0.792913496759651,1.16114590237107,0.569026548672566,"Time0 Ambient M. capitata","Ambient M. capitata",4.88006440291724
"295","2306",-3.7557878904825,"5/10/19","Time0","MC_291","M. capitata",19,3,"High",140.083,74.372,110.041,123.943,95.872,72.429,"",0.884782593176902,1.28908729091594,0.658200125407803,"Time0 High M. capitata","High M. capitata",3.7557878904825
"296","2363",1.04365153610963,"5/10/19","Time0","MC_289","M. capitata",7,1,"Ambient",134.822,74.198,105.873,139.75,117.08,87.132,"",1.03655189805818,1.57794010620232,0.822986030432688,"Time0 Ambient M. capitata","Ambient M. capitata",-1.04365153610963
"297","2388",5.4430432410203,"5/10/19","Time0","PC_1","P. acuta",26,4,"Ambient",133.473,69.186,106.127,150.895,129.993,104.94,"",1.13052827163546,1.87889168328853,0.988815287344408,"Time0 Ambient P. acuta","Ambient P. acuta",-5.4430432410203
"298","2391",3.58445343174109,"5/10/19","Time0","PC_3","P. acuta",14,2,"High",134.877,75.023,106.984,150.845,127.31,102.393,"",1.11838934733127,1.69694626981059,0.957087041052868,"Time0 High P. acuta","High P. acuta",-3.58445343174109
"299","2392",-4.88191247079447,"5/10/19","Time0","MC_206","M. capitata",1,1,"Ambient",137.619,72.768,105.327,84.241,62.436,47.693,"",0.612132045720431,0.858014511873351,0.452808871419484,"Time0 Ambient M. capitata","Ambient M. capitata",4.88191247079447
"300","2392",-4.88191247079447,"5/17/19","Time1","MC_206","M. capitata",49,1,"Ambient",151.548,77.572,117.139,103.383,76.529,56.075,"",0.682179903396943,0.986554426855051,0.478704786621023,"Time1 Ambient M. capitata","Ambient M. capitata",4.88191247079447
"301","2392",-5.05667617998501,"5/10/19","Time0","MC_206","M. capitata",1,1,"Ambient",137.619,72.768,105.327,84.241,62.436,47.693,"",0.612132045720431,0.858014511873351,0.452808871419484,"Time0 Ambient M. capitata","Ambient M. capitata",5.05667617998501
"302","2392",-5.05667617998501,"5/17/19","Time1","MC_206","M. capitata",49,1,"Ambient",151.548,77.572,117.139,103.383,76.529,56.075,"",0.682179903396943,0.986554426855051,0.478704786621023,"Time1 Ambient M. capitata","Ambient M. capitata",5.05667617998501
"303","2393",-3.77599394012769,"5/10/19","Time0","MC_289","M. capitata",31,4,"Ambient",137.796,75.046,110.969,126.256,95.235,70.874,"",0.916253011698453,1.26902166671108,0.638682875397634,"Time0 Ambient M. capitata","Ambient M. capitata",3.77599394012769
"304","2396",-3.73391878585966,"5/17/19","Time1","MC_291","M. capitata",59,2,"High",142.575,73.135,112.528,122.398,95.962,71.472,"",0.858481500964405,1.31212141929309,0.635148585241007,"Time1 High M. capitata","High M. capitata",3.73391878585966
"305","2396",-3.73391878585966,"5/10/19","Time0","MC_291","M. capitata",11,2,"High",140.681,73.732,110.979,120.41,92.804,70.685,"",0.855908047284281,1.25866652199859,0.636922300615432,"Time0 High M. capitata","High M. capitata",3.73391878585966
"306","2396",-4.14593562310987,"5/17/19","Time1","MC_291","M. capitata",59,2,"High",142.575,73.135,112.528,122.398,95.962,71.472,"",0.858481500964405,1.31212141929309,0.635148585241007,"Time1 High M. capitata","High M. capitata",4.14593562310987
"307","2396",-4.14593562310987,"5/10/19","Time0","MC_291","M. capitata",11,2,"High",140.681,73.732,110.979,120.41,92.804,70.685,"",0.855908047284281,1.25866652199859,0.636922300615432,"Time0 High M. capitata","High M. capitata",4.14593562310987
"308","2397",-2.83699115854612,"5/10/19","Time0","PC_4","P. acuta",16,2,"High",135.432,70.039,108.38,118.08,93.936,82.299,"",0.871876661350346,1.34119561958337,0.759355969736114,"Time0 High P. acuta","High P. acuta",2.83699115854612
"309","2409",5.06240881988529,"5/10/19","Time0","PC_2","P. acuta",36,5,"High",135.913,70.696,108.31,151.561,130.165,105.728,"",1.11513247445057,1.84119327826185,0.976161019296464,"Time0 High P. acuta","High P. acuta",-5.06240881988529
"310","2411",-2.17004452766717,"5/10/19","Time0","MC_291","M. capitata",11,2,"High",140.681,73.732,110.979,132.215,103.595,79.872,"",0.939821297829842,1.40502088645364,0.719703727732274,"Time0 High M. capitata","High M. capitata",2.17004452766717
"311","2411",-2.17004452766717,"5/17/19","Time1","MC_291","M. capitata",59,2,"High",142.575,73.135,112.528,107.778,82.796,63.297,"",0.755938979484482,1.1320981746086,0.5625,"Time1 High M. capitata","High M. capitata",2.17004452766717
"312","2411",-4.98259215315406,"5/10/19","Time0","MC_291","M. capitata",11,2,"High",140.681,73.732,110.979,132.215,103.595,79.872,"",0.939821297829842,1.40502088645364,0.719703727732274,"Time0 High M. capitata","High M. capitata",4.98259215315406
"313","2411",-4.98259215315406,"5/17/19","Time1","MC_291","M. capitata",59,2,"High",142.575,73.135,112.528,107.778,82.796,63.297,"",0.755938979484482,1.1320981746086,0.5625,"Time1 High M. capitata","High M. capitata",4.98259215315406
"314","2413",2.53072933730646,"5/11/19","Time0","MC_248","M. capitata",45,6,"Ambient",142.819,71.855,110.271,146.413,121.68,94.333,"Bleached on top",1.02516471897997,1.6934103402686,0.855465172166753,"Time0 Ambient M. capitata","Ambient M. capitata",-2.53072933730646
"315","2511",-4.33521266480735,"5/10/19","Time0","PC_4","P. acuta",24,3,"High",131.689,68.465,105.472,106.096,81.052,74.347,"",0.805655749531092,1.18384576060761,0.704897982402913,"Time0 High P. acuta","High P. acuta",4.33521266480735
"316","2519",-1.99798205996324,"5/10/19","Time0","MC_248","M. capitata",5,1,"Ambient",135.713,76.806,106.567,128.972,105.499,83.727,"",0.950329003116872,1.3735775850845,0.785674739835033,"Time0 Ambient M. capitata","Ambient M. capitata",1.99798205996324
"317","2528",4.82082209409484,"5/10/19","Time0","PC_4","P. acuta",24,3,"High",131.689,68.465,105.472,149.059,125.211,98.075,"",1.13190167743699,1.82883225005477,0.929867642597087,"Time0 High P. acuta","High P. acuta",-4.82082209409484
"318","2530",2.50984247767086,"5/10/19","Time0","MC_289","M. capitata",7,1,"Ambient",134.822,74.198,105.873,144.909,122.335,94.369,"",1.07481716633784,1.6487641176312,0.891341512944754,"Time0 Ambient M. capitata","Ambient M. capitata",-2.50984247767086
"319","2532",-3.21051810967882,"5/11/19","Time0","PC_4","P. acuta",48,6,"Ambient",135.065,67.344,107.182,117.47,90.654,73.962,"",0.869729389553178,1.34613328581611,0.690059898117221,"Time0 Ambient P. acuta","Ambient P. acuta",3.21051810967882
"320","2534",-2.59673989351854,"5/10/19","Time0","MC_291","M. capitata",35,5,"High",141.062,75.86,112.467,132.86,103.682,79.637,"Re-glued",0.941855354383179,1.36675454785131,0.708092151475544,"Time0 High M. capitata","High M. capitata",2.59673989351854
"321","2535",4.62837959331677,"5/10/19","Time0","PC_2","P. acuta",4,1,"Ambient",139.822,78.215,106.853,159.109,139.16,105.6,"",1.13793966614696,1.77919836348526,0.988273609538338,"Time0 Ambient P. acuta","Ambient P. acuta",-4.62837959331677
"322","2535",4.62837959331677,"5/17/19","Time1","PC_2","P. acuta",52,1,"Ambient",138.687,69.852,110.03,152.605,129.774,97.783,"",1.10035547672096,1.85784229513829,0.888693992547487,"Time1 Ambient P. acuta","Ambient P. acuta",-4.62837959331677
"323","2535",4.67897070637469,"5/10/19","Time0","PC_2","P. acuta",4,1,"Ambient",139.822,78.215,106.853,159.109,139.16,105.6,"",1.13793966614696,1.77919836348526,0.988273609538338,"Time0 Ambient P. acuta","Ambient P. acuta",-4.67897070637469
"324","2535",4.67897070637469,"5/17/19","Time1","PC_2","P. acuta",52,1,"Ambient",138.687,69.852,110.03,152.605,129.774,97.783,"",1.10035547672096,1.85784229513829,0.888693992547487,"Time1 Ambient P. acuta","Ambient P. acuta",-4.67897070637469
"325","2540",2.26727195779887,"5/17/19","Time1","PC_1","P. acuta",50,1,"Ambient",141.671,73.615,112.887,143.509,122.179,100,"",1.01297372080383,1.65970250628269,0.885841593806196,"Time1 Ambient P. acuta","Ambient P. acuta",-2.26727195779887
"326","2540",2.26727195779887,"5/10/19","Time0","PC_1","P. acuta",2,1,"Ambient",136.536,75.43,105.921,128.75,108.015,88.344,"",0.942974746586981,1.43198992443325,0.834055569717053,"Time0 Ambient P. acuta","Ambient P. acuta",-2.26727195779887
"327","2540",-1.09882808950552,"5/17/19","Time1","PC_1","P. acuta",50,1,"Ambient",141.671,73.615,112.887,143.509,122.179,100,"",1.01297372080383,1.65970250628269,0.885841593806196,"Time1 Ambient P. acuta","Ambient P. acuta",1.09882808950552
"328","2540",-1.09882808950552,"5/10/19","Time0","PC_1","P. acuta",2,1,"Ambient",136.536,75.43,105.921,128.75,108.015,88.344,"",0.942974746586981,1.43198992443325,0.834055569717053,"Time0 Ambient P. acuta","Ambient P. acuta",1.09882808950552
"329","2552",0.951447741969223,"5/10/19","Time0","PC_3","P. acuta",22,3,"High",131.537,68.206,105.742,135.84,107.359,86.637,"",1.0327132289774,1.57404040700232,0.81932439333472,"Time0 High P. acuta","High P. acuta",-0.951447741969223
"330","2554",4.35833785074643,"5/11/19","Time0","PC_3","P. acuta",46,6,"Ambient",139.206,71.056,107.952,153.304,128.505,97.128,"",1.1012743703576,1.80850315244314,0.899733214762117,"Time0 Ambient P. acuta","Ambient P. acuta",-4.35833785074643
"331","2555",-2.91912931769429,"5/10/19","Time0","MC_248","M. capitata",5,1,"Ambient",135.713,76.806,106.567,125.539,102.26,77.108,"",0.925032973996596,1.33140640054162,0.723563579719801,"Time0 Ambient M. capitata","Ambient M. capitata",2.91912931769429
"332","2565",-2.88218252592906,"5/11/19","Time0","MC_289","M. capitata",47,6,"Ambient",136.937,68.629,108.482,120.204,94.958,73.108,"Bleached on top",0.877805122063431,1.38364248349823,0.673918253719511,"Time0 Ambient M. capitata","Ambient M. capitata",2.88218252592906
"333","2733",1.61965040705859,"5/10/19","Time0","PC_3","P. acuta",22,3,"High",131.537,68.206,105.742,138.089,111.276,84.867,"",1.04981107977223,1.63146937219599,0.802585538385883,"Time0 High P. acuta","High P. acuta",-1.61965040705859
"334","2734",-4.62887259437275,"5/10/19","Time0","MC_206","M. capitata",1,1,"Ambient",137.619,72.768,105.327,114.076,87.528,59.671,"",0.828926238382781,1.2028364116095,0.566530899009751,"Time0 Ambient M. capitata","Ambient M. capitata",4.62887259437275
"335","2734",-4.62887259437275,"5/17/19","Time1","MC_206","M. capitata",49,1,"Ambient",151.548,77.572,117.139,135.296,105.873,75.836,"",0.892760049621242,1.36483524983241,0.647401804693569,"Time1 Ambient M. capitata","Ambient M. capitata",4.62887259437275
"336","2734",-3.09715445289847,"5/10/19","Time0","MC_206","M. capitata",1,1,"Ambient",137.619,72.768,105.327,114.076,87.528,59.671,"",0.828926238382781,1.2028364116095,0.566530899009751,"Time0 Ambient M. capitata","Ambient M. capitata",3.09715445289847
"337","2734",-3.09715445289847,"5/17/19","Time1","MC_206","M. capitata",49,1,"Ambient",151.548,77.572,117.139,135.296,105.873,75.836,"",0.892760049621242,1.36483524983241,0.647401804693569,"Time1 Ambient M. capitata","Ambient M. capitata",3.09715445289847
"338","2739",-0.0341447131654742,"5/10/19","Time0","PC_1","P. acuta",18,3,"High",137.149,72.115,109.527,134.509,109.969,88.156,"",0.980750862200964,1.52491159952853,0.804879162215709,"Time0 High P. acuta","High P. acuta",0.0341447131654742
"339","2740",5.67298680788998,"5/10/19","Time0","MC_248","M. capitata",13,2,"High",135.39,71.663,105.179,153.807,135.148,111.292,"",1.13602924883669,1.88588253352497,1.05811996691355,"Time0 High M. capitata","High M. capitata",-5.67298680788998
"340","2741",4.46936211237564,"5/11/19","Time0","MC_289","M. capitata",47,6,"Ambient",136.937,68.629,108.482,149.257,125.335,97.831,"",1.08996837961983,1.82626877850471,0.901817813093416,"Time0 Ambient M. capitata","Ambient M. capitata",-4.46936211237564
"341","2744",-3.85224795261035,"5/10/19","Time0","PC_4","P. acuta",40,5,"High",141.594,70.985,105.649,119.874,89.203,75.25,"Dead spot on the top (present when fragmented)",0.846603669647019,1.25664577023315,0.712264195591061,"Time0 High P. acuta","High P. acuta",3.85224795261035
"342","2747",-1.38384638830034,"5/10/19","Time0","MC_248","M. capitata",13,2,"High",135.39,71.663,105.179,129.545,105.212,75.282,"",0.956828421596868,1.46814953323193,0.715751243118874,"Time0 High M. capitata","High M. capitata",1.38384638830034
"343","2750",1.73934941746494,"5/10/19","Time0","MC_289","M. capitata",23,3,"High",134.9,70.707,109.397,138.233,114.493,94.633,"Tips a little pale",1.02470719051149,1.61925976211691,0.865042002979972,"Time0 High M. capitata","High M. capitata",-1.73934941746494
"344","2754",-2.01131558840256,"5/10/19","Time0","MC_289","M. capitata",7,1,"Ambient",134.822,74.198,105.873,125.713,104.019,80.27,"",0.932436842651793,1.40191110272514,0.758172527462148,"Time0 Ambient M. capitata","Ambient M. capitata",2.01131558840256
"345","2756",-4.93603671572857,"5/10/19","Time0","MC_291","M. capitata",35,5,"High",141.062,75.86,112.467,108.891,83.286,69.887,"",0.771937162382498,1.09789085156868,0.621400055127282,"Time0 High M. capitata","High M. capitata",4.93603671572857
"346","2854",3.53736057687208,"5/11/19","Time0","PC_3","P. acuta",46,6,"Ambient",139.206,71.056,107.952,150.486,124.649,93.422,"",1.08103099004353,1.75423609547399,0.865403142137246,"Time0 Ambient P. acuta","Ambient P. acuta",-3.53736057687208
"347","2855",3.95057549267651,"5/10/19","Time0","PC_2","P. acuta",20,3,"High",133.519,69.726,107.583,146.941,122.618,98.118,"",1.10052501891117,1.75856925680521,0.912021416022978,"Time0 High P. acuta","High P. acuta",-3.95057549267651
"348","2864",6.58167544119349,"5/10/19","Time0","PC_2","P. acuta",28,4,"Ambient",128.612,67.335,102.738,155.974,135.897,109.162,"",1.21274842160918,2.01822232122967,1.06252798380346,"Time0 Ambient P. acuta","Ambient P. acuta",-6.58167544119349
"349","2866",0.526691829750384,"5/10/19","Time0","PC_2","P. acuta",20,3,"High",133.519,69.726,107.583,126.731,107.292,95.796,"",0.949160793594919,1.53876602702005,0.890438080365857,"Time0 High P. acuta","High P. acuta",-0.526691829750384
"350","2872",-4.04976523960152,"5/11/19","Time0","PC_4","P. acuta",48,6,"Ambient",135.065,67.344,107.182,114.089,86.3,66.529,"",0.844696997741828,1.28148016155857,0.620710567072829,"Time0 Ambient P. acuta","Ambient P. acuta",4.04976523960152
"351","2874",4.79203324926774,"5/11/19","Time0","MC_289","M. capitata",47,6,"Ambient",136.937,68.629,108.482,152.623,127.248,97.791,"Bleached on top",1.11454902619453,1.85414329219426,0.901449088328018,"Time0 Ambient M. capitata","Ambient M. capitata",-4.79203324926774
"352","2875",-1.53038730341819,"5/10/19","Time0","MC_289","M. capitata",15,2,"High",140.334,73.179,111.639,133.758,106.073,81.813,"",0.953140365128907,1.44950053977234,0.732835299492113,"Time0 High M. capitata","High M. capitata",1.53038730341819
"353","2878",-1.24723493701077,"5/10/19","Time0","MC_289","M. capitata",39,5,"High",142.499,75.487,109.729,129.1,108.096,91.914,"",0.905971269973824,1.43198166571728,0.837645472026538,"Time0 High M. capitata","High M. capitata",1.24723493701077
"354","2887",4.47186353618963,"5/17/19","Time1","PC_1","P. acuta",50,1,"Ambient",141.671,73.615,112.887,155.519,133.98,102.135,"",1.09774759830876,1.8200095089316,0.904754311833958,"Time1 Ambient P. acuta","Ambient P. acuta",-4.47186353618963
"355","2887",4.47186353618963,"5/10/19","Time0","PC_1","P. acuta",2,1,"Ambient",136.536,75.43,105.921,138.726,116.502,86.072,"",1.01603972578661,1.5445048389235,0.812605621170495,"Time0 Ambient P. acuta","Ambient P. acuta",-4.47186353618963
"356","2887",0.456413671343169,"5/17/19","Time1","PC_1","P. acuta",50,1,"Ambient",141.671,73.615,112.887,155.519,133.98,102.135,"",1.09774759830876,1.8200095089316,0.904754311833958,"Time1 Ambient P. acuta","Ambient P. acuta",-0.456413671343169
"357","2887",0.456413671343169,"5/10/19","Time0","PC_1","P. acuta",2,1,"Ambient",136.536,75.43,105.921,138.726,116.502,86.072,"",1.01603972578661,1.5445048389235,0.812605621170495,"Time0 Ambient P. acuta","Ambient P. acuta",-0.456413671343169
"358","2978",-4.00339206720845,"5/10/19","Time0","PC_4","P. acuta",8,1,"Ambient",143.999,73.95,112.586,118.739,91.382,80.576,"",0.824582115153577,1.23572684246112,0.715684010445348,"Time0 Ambient P. acuta","Ambient P. acuta",4.00339206720845
"359","2981",-0.662252227844329,"5/10/19","Time0","PC_1","P. acuta",34,5,"High",135.157,69.283,108.387,128.107,102.927,87.569,"",0.94783843974045,1.48560252875886,0.807928995174698,"Time0 High P. acuta","High P. acuta",0.662252227844329
"360","2985",-4.63228413880726,"5/10/19","Time0","MC_206","M. capitata",17,3,"High",139.672,73.18,110.352,109.868,84.716,73.885,"",0.786614353628501,1.15763869909811,0.669539292445991,"Time0 High M. capitata","High M. capitata",4.63228413880726
"361","2988",6.42295621042679,"5/10/19","Time0","PC_4","P. acuta",24,3,"High",131.689,68.465,105.472,158.204,136.409,110.161,"",1.20134559454472,1.99239027240196,1.0444572967233,"Time0 High P. acuta","High P. acuta",-6.42295621042679
"362","2995",-3.61304777606509,"5/10/19","Time0","PC_1","P. acuta",10,2,"High",131.976,68.644,106.837,116.936,89.694,70.369,"",0.886039886039886,1.30665462385642,0.658657581175061,"Time0 High P. acuta","High P. acuta",3.61304777606509
"363","2995",-3.61304777606509,"5/17/19","Time1","PC_1","P. acuta",58,2,"High",135.482,71.453,106.79,145.4,119.67,91.109,"",1.07320529664457,1.67480721593215,0.853160408277928,"Time1 High P. acuta","High P. acuta",3.61304777606509
"364","2995",2.56850211269112,"5/10/19","Time0","PC_1","P. acuta",10,2,"High",131.976,68.644,106.837,116.936,89.694,70.369,"",0.886039886039886,1.30665462385642,0.658657581175061,"Time0 High P. acuta","High P. acuta",-2.56850211269112
"365","2995",2.56850211269112,"5/17/19","Time1","PC_1","P. acuta",58,2,"High",135.482,71.453,106.79,145.4,119.67,91.109,"",1.07320529664457,1.67480721593215,0.853160408277928,"Time1 High P. acuta","High P. acuta",-2.56850211269112
"366","2996",-4.96870637829872,"5/11/19","Time0","MC_206","M. capitata",41,6,"Ambient",150.681,76.505,116.219,114.345,86.857,66.986,"",0.758854799211579,1.13531141755441,0.57637735654239,"Time0 Ambient M. capitata","Ambient M. capitata",4.96870637829872
"367","2998",5.30043832055175,"5/10/19","Time0","MC_289","M. capitata",23,3,"High",134.9,70.707,109.397,154.49,131.959,105.196,"One side pale",1.14521868050408,1.86627915199344,0.96159858131393,"Time0 High M. capitata","High M. capitata",-5.30043832055175
"368","2999",-5.05762230621383,"5/10/19","Time0","MC_206","M. capitata",33,5,"High",137.027,76.032,112.199,102.662,78.074,63.462,"Top bleached",0.749210009706116,1.02685711279461,0.565620014438631,"Time0 High M. capitata","High M. capitata",5.05762230621383
"369","3000",-4.9971429874006,"5/10/19","Time0","PC_4","P. acuta",8,1,"Ambient",143.999,73.95,112.586,113.188,82.575,63.33,"",0.786033236341919,1.11663286004057,0.562503330787132,"Time0 Ambient P. acuta","Ambient P. acuta",4.9971429874006
"370","3001",3.1897584423604,"5/11/19","Time0","PC_3","P. acuta",46,6,"Ambient",139.206,71.056,107.952,152.291,124.947,86.369,"",1.09399738517018,1.75842997072731,0.800068548984734,"Time0 Ambient P. acuta","Ambient P. acuta",-3.1897584423604
